frame_index,video_time,video_time_seconds,timestamp,position_x,position_y,position_z,rotation_x,rotation_y,rotation_z,rotation_w,pkl_filename
0,00:00:00,0.0,1767597036.566249,0.0,0.0,0.4399999976158142,0.0,0.0,0.007969199679791927,0.9999682307243347,frame_1767597036.566249.pkl
1,00:00:00,0.7830629348754883,1767597037.3493118,0.0,0.0,0.4399999976158142,0.0,0.0,0.04792357236146927,0.9988510012626648,frame_1767597037.3493118.pkl
2,00:00:01,1.4913251399993896,1767597038.057574,0.0,0.0,0.4399999976158142,0.0,0.0,0.0878196433186531,0.9961363673210144,frame_1767597038.057574.pkl
3,00:00:02,2.284571647644043,1767597038.8508205,0.0,0.0,0.4399999976158142,0.0,0.0,0.1325392872095108,0.9911777377128601,frame_1767597038.8508205.pkl
4,00:00:03,3.100705862045288,1767597039.6669548,0.0,0.0,0.4399999976158142,0.0,0.0,0.17206744849681854,0.9850851893424988,frame_1767597039.6669548.pkl
5,00:00:04,4.037817716598511,1767597040.6040666,0.0,0.0,0.4399999976158142,0.0,0.0,0.21620354056358337,0.9763482809066772,frame_1767597040.6040666.pkl
6,00:00:04,4.776446580886841,1767597041.3426955,0.0,0.0,0.4399999976158142,0.0,0.0,0.25507134199142456,0.9669222235679626,frame_1767597041.3426955.pkl
7,00:00:05,5.4496071338653564,1767597042.015856,0.0,0.0,0.4399999976158142,0.0,0.0,0.28874996304512024,0.9574045538902283,frame_1767597042.015856.pkl
8,00:00:06,6.2060840129852295,1767597042.772333,0.0,0.0,0.4399999976158142,0.0,0.0,0.3315238952636719,0.9434468150138855,frame_1767597042.772333.pkl
9,00:00:06,6.891398191452026,1767597043.457647,0.0,0.0,0.4399999976158142,0.0,0.0,0.35967278480529785,0.9330785274505615,frame_1767597043.457647.pkl
10,00:00:07,7.659778833389282,1767597044.2260277,0.0,0.0,0.4399999976158142,0.0,0.0,0.396696537733078,0.9179497957229614,frame_1767597044.2260277.pkl
11,00:00:08,8.420591831207275,1767597044.9868407,0.0,0.0,0.4399999976158142,0.0,0.0,0.43308690190315247,0.9013521671295166,frame_1767597044.9868407.pkl
12,00:00:09,9.225584506988525,1767597045.7918334,0.0,0.0,0.4399999976158142,0.0,0.0,0.4731931984424591,0.8809586763381958,frame_1767597045.7918334.pkl
13,00:00:09,9.89118480682373,1767597046.4574337,0.0,0.0,0.4399999976158142,0.0,0.0,0.5037299990653992,0.8638611435890198,frame_1767597046.4574337.pkl
14,00:00:10,10.629380464553833,1767597047.1956294,0.0,0.0,0.4399999976158142,0.0,0.0,0.537872850894928,0.8430259823799133,frame_1767597047.1956294.pkl
15,00:00:11,11.388298034667969,1767597047.954547,0.0,0.0,0.4399999976158142,0.0,0.0,0.5711541771888733,0.8208428025245667,frame_1767597047.954547.pkl
16,00:00:12,12.523385763168335,1767597049.0896347,0.0,0.0,0.4399999976158142,0.0,0.0,0.6232668161392212,0.7820092439651489,frame_1767597049.0896347.pkl
17,00:00:13,13.314982652664185,1767597049.8812315,0.0,0.0,0.4399999976158142,0.0,0.0,0.6578152179718018,0.7531793117523193,frame_1767597049.8812315.pkl
18,00:00:13,13.981886863708496,1767597050.5481358,0.0,0.0,0.4399999976158142,0.0,0.0,0.6837688088417053,0.7296987175941467,frame_1767597050.5481358.pkl
19,00:00:14,14.699930191040039,1767597051.266179,0.0,0.0,0.4399999976158142,0.0,0.0,0.712403416633606,0.7017702460289001,frame_1767597051.266179.pkl
20,00:00:15,15.339509963989258,1767597051.9057589,0.0,0.0,0.4399999976158142,0.0,0.0,0.7365257143974304,0.6764095425605774,frame_1767597051.9057589.pkl
21,00:00:15,15.988130331039429,1767597052.5543792,0.0,0.0,0.4399999976158142,0.0,0.0,0.759745717048645,0.6502204537391663,frame_1767597052.5543792.pkl
22,00:00:16,16.68853187561035,1767597053.2547808,0.0,0.0,0.4399999976158142,0.0,0.0,0.7820338606834412,0.6232359409332275,frame_1767597053.2547808.pkl
23,00:00:17,17.353206872940063,1767597053.9194558,0.0,0.0,0.4399999976158142,0.0,0.0,0.8063315749168396,0.5914637446403503,frame_1767597053.9194558.pkl
24,00:00:18,18.143649339675903,1767597054.7098982,0.0,0.0,0.4399999976158142,0.0,0.0,0.8321231007575989,0.554591178894043,frame_1767597054.7098982.pkl
25,00:00:18,18.854580879211426,1767597055.4208298,0.0,0.0,0.4399999976158142,0.0,0.0,0.8510201573371887,0.5251333117485046,frame_1767597055.4208298.pkl
26,00:00:19,19.50735378265381,1767597056.0736027,0.0,0.0,0.4399999976158142,0.0,0.0,0.8688734769821167,0.49503427743911743,frame_1767597056.0736027.pkl
27,00:00:20,20.136001586914062,1767597056.7022505,0.0,0.0,0.4399999976158142,0.0,0.0,0.8856626749038696,0.46432921290397644,frame_1767597056.7022505.pkl
28,00:00:20,20.773921251296997,1767597057.3401701,0.0,0.0,0.4399999976158142,0.0,0.0,0.9013670682907104,0.4330558776855469,frame_1767597057.3401701.pkl
29,00:00:21,21.3933265209198,1767597057.9595754,0.0,0.0,0.4399999976158142,0.0,0.0,0.9159676432609558,0.4012520909309387,frame_1767597057.9595754.pkl
30,00:00:22,22.219035387039185,1767597058.7852843,0.0,0.0,0.4399999976158142,0.0,0.0,0.9330892562866211,0.35964488983154297,frame_1767597058.7852843.pkl
31,00:00:22,22.845459938049316,1767597059.4117088,0.0,0.0,0.4399999976158142,0.0,0.0,0.9451020359992981,0.3267754018306732,frame_1767597059.4117088.pkl
32,00:00:23,23.58051061630249,1767597060.1467595,0.0,0.0,0.4399999976158142,0.0,0.0,0.9574126601219177,0.28872305154800415,frame_1767597060.1467595.pkl
33,00:00:24,24.225806713104248,1767597060.7920556,0.0,0.0,0.4399999976158142,0.0,0.0,0.9669288992881775,0.2550460994243622,frame_1767597060.7920556.pkl
34,00:00:24,24.879738807678223,1767597061.4459877,0.0,0.0,0.4399999976158142,0.0,0.0,0.9752609729766846,0.22105669975280762,frame_1767597061.4459877.pkl
35,00:00:25,25.51560950279236,1767597062.0818584,0.0,0.0,0.4399999976158142,0.0,0.0,0.9823986291885376,0.18679660558700562,frame_1767597062.0818584.pkl
36,00:00:26,26.161147117614746,1767597062.727396,0.0,0.0,0.4399999976158142,0.0,0.0,0.9876378178596497,0.15675343573093414,frame_1767597062.727396.pkl
37,00:00:27,27.036688804626465,1767597063.6029377,0.0,0.0,0.4399999976158142,0.0,0.0,0.9947097897529602,0.10272503644227982,frame_1767597063.6029377.pkl
38,00:00:27,27.73907709121704,1767597064.305326,0.0,0.0,0.4399999976158142,0.0,0.0,0.9976950883865356,0.06785691529512405,frame_1767597064.305326.pkl
39,00:00:28,28.35977840423584,1767597064.9260273,0.0,0.0,0.4399999976158142,0.0,0.0,0.9994584918022156,0.032905664294958115,frame_1767597064.9260273.pkl
40,00:00:29,29.072765111923218,1767597065.639014,0.0,0.0,0.4399999976158142,0.0,0.0,0.9999749064445496,-0.007085460238158703,frame_1767597065.639014.pkl
41,00:00:29,29.84935164451599,1767597066.4156005,0.0,0.0,0.4399999976158142,0.0,0.0,0.9988918304443359,-0.047065213322639465,frame_1767597066.4156005.pkl
42,00:00:30,30.746350288391113,1767597067.3125992,0.0,0.0,0.4399999976158142,0.0,0.0,0.995291531085968,-0.09692656248807907,frame_1767597067.3125992.pkl
43,00:00:31,31.5056049823761,1767597068.0718539,0.0,0.0,0.4399999976158142,0.0,0.0,0.9906197786331177,-0.13664722442626953,frame_1767597068.0718539.pkl
44,00:00:32,32.22533130645752,1767597068.7915802,0.0,0.0,0.4399999976158142,0.0,0.0,0.9852317571640015,-0.1712261289358139,frame_1767597068.7915802.pkl
45,00:00:32,32.91523718833923,1767597069.481486,0.0,0.0,0.4399999976158142,0.0,0.0,0.9786370396614075,-0.20559550821781158,frame_1767597069.481486.pkl
46,00:00:33,33.73201084136963,1767597070.2982597,0.0,0.0,0.4399999976158142,0.0,0.0,0.9671388864517212,-0.25424864888191223,frame_1767597070.2982597.pkl
47,00:00:34,34.419331550598145,1767597070.9855804,0.0,0.0,0.4399999976158142,0.0,0.0,0.9576501250267029,-0.2879343628883362,frame_1767597070.9855804.pkl
48,00:00:35,35.03856325149536,1767597071.6048121,0.0,0.0,0.4399999976158142,0.0,0.0,0.9469886422157288,-0.32126709818840027,frame_1767597071.6048121.pkl
49,00:00:35,35.72619438171387,1767597072.2924433,0.0,0.0,0.4399999976158142,0.0,0.0,0.9333842992782593,-0.35887861251831055,frame_1767597072.2924433.pkl
50,00:00:36,36.42128086090088,1767597072.9875298,0.0,0.0,0.4399999976158142,0.0,0.0,0.9202547669410706,-0.39131975173950195,frame_1767597072.9875298.pkl
51,00:00:37,37.17289662361145,1767597073.7391455,0.0,0.0,0.4399999976158142,0.0,0.0,0.9038705229759216,-0.42780616879463196,frame_1767597073.7391455.pkl
52,00:00:37,37.78676629066467,1767597074.3530152,0.0,0.0,0.4399999976158142,0.0,0.0,0.8883476257324219,-0.4591715633869171,frame_1767597074.3530152.pkl
53,00:00:38,38.5679612159729,1767597075.13421,0.0,0.0,0.4399999976158142,0.0,0.0,0.869275689125061,-0.4943276643753052,frame_1767597075.13421.pkl
54,00:00:39,39.18943548202515,1767597075.7556844,0.0,0.0,0.4399999976158142,0.0,0.0,-0.8514459729194641,0.5244423151016235,frame_1767597075.7556844.pkl
55,00:00:39,39.81810736656189,1767597076.3843563,0.0,0.0,0.4399999976158142,0.0,0.0,-0.8325729370117188,0.5539153218269348,frame_1767597076.3843563.pkl
56,00:00:40,40.59786820411682,1767597077.164117,0.0,0.0,0.4399999976158142,0.0,0.0,-0.8097547888755798,0.586768388748169,frame_1767597077.164117.pkl
57,00:00:41,41.301931858062744,1767597077.8681808,0.0,0.0,0.4399999976158142,0.0,0.0,-0.7856408953666687,0.6186828017234802,frame_1767597077.8681808.pkl
58,00:00:41,41.940080642700195,1767597078.5063295,0.0,0.0,0.4399999976158142,0.0,0.0,-0.7635091543197632,0.6457970142364502,frame_1767597078.5063295.pkl
59,00:00:42,42.56721591949463,1767597079.1334648,0.0,0.0,0.4399999976158142,0.0,0.0,-0.7434589862823486,0.6687815189361572,frame_1767597079.1334648.pkl
60,00:00:43,43.24235987663269,1767597079.8086088,0.0,0.0,0.4399999976158142,0.0,0.0,-0.7129702568054199,0.7011942863464355,frame_1767597079.8086088.pkl
61,00:00:43,43.95402240753174,1767597080.5202713,0.0,0.0,0.4399999976158142,0.0,0.0,-0.6879954934120178,0.7257150411605835,frame_1767597080.5202713.pkl
62,00:00:44,44.56980299949646,1767597081.136052,0.0,0.0,0.4399999976158142,0.0,0.0,-0.6621779203414917,0.7493466734886169,frame_1767597081.136052.pkl
63,00:00:45,45.324676513671875,1767597081.8909254,0.0,0.0,0.4399999976158142,0.0,0.0,-0.6316798329353333,0.7752293944358826,frame_1767597081.8909254.pkl
64,00:00:46,46.0263237953186,1767597082.5925727,0.0,0.0,0.4399999976158142,0.0,0.0,-0.6001712083816528,0.7998715043067932,frame_1767597082.5925727.pkl
65,00:00:46,46.76640486717224,1767597083.3326538,0.0,0.0,0.4399999976158142,0.0,0.0,-0.5677034258842468,0.8232331275939941,frame_1767597083.3326538.pkl
66,00:00:47,47.40031695365906,1767597083.9665658,0.0,0.0,0.4399999976158142,0.0,0.0,-0.5385461449623108,0.8425960540771484,frame_1767597083.9665658.pkl
67,00:00:48,48.0885226726532,1767597084.6547716,0.0,0.0,0.4399999976158142,0.0,0.0,-0.5044180750846863,0.863459587097168,frame_1767597084.6547716.pkl
68,00:00:48,48.73338437080383,1767597085.2996333,0.0,0.0,0.4399999976158142,0.0,0.0,-0.4738921523094177,0.8805829286575317,frame_1767597085.2996333.pkl
69,00:00:49,49.38285183906555,1767597085.9491007,0.0,0.0,0.4399999976158142,0.0,0.0,-0.4427875876426697,0.8966265320777893,frame_1767597085.9491007.pkl
70,00:00:50,50.023799896240234,1767597086.5900488,0.0,0.0,0.4399999976158142,0.0,0.0,-0.4111405611038208,0.9115719795227051,frame_1767597086.5900488.pkl
71,00:00:50,50.694711685180664,1767597087.2609606,0.0,0.0,0.4399999976158142,0.0,0.0,-0.37899085879325867,0.92540043592453,frame_1767597087.2609606.pkl
72,00:00:51,51.56318545341492,1767597088.1294343,0.0,0.0,0.4399999976158142,0.0,0.0,-0.3322668671607971,0.9431853890419006,frame_1767597088.1294343.pkl
73,00:00:52,52.27689576148987,1767597088.8431447,0.0,0.0,0.4399999976158142,0.0,0.0,-0.2942821681499481,0.9557185769081116,frame_1767597088.8431447.pkl
74,00:00:53,53.02286100387573,1767597089.58911,0.0,0.0,0.4399999976158142,0.0,0.0,-0.25582754611968994,0.9667224287986755,frame_1767597089.58911.pkl
75,00:00:53,53.66039490699768,1767597090.2266438,0.0,0.0,0.4399999976158142,0.0,0.0,-0.22184143960475922,0.9750827550888062,frame_1767597090.2266438.pkl
76,00:00:54,54.31226062774658,1767597090.8785095,0.0,0.0,0.4399999976158142,0.0,0.0,-0.1875835657119751,0.9822486639022827,frame_1767597090.8785095.pkl
77,00:00:54,54.969642162323,1767597091.535891,0.0,0.0,0.4399999976158142,0.0,0.0,-0.15309540927410126,0.9882113933563232,frame_1767597091.535891.pkl
78,00:00:55,55.72703003883362,1767597092.293279,0.0,0.0,0.4399999976158142,0.0,0.0,-0.11344978958368301,0.9935437440872192,frame_1767597092.293279.pkl
79,00:00:56,56.461973428726196,1767597093.0282223,0.0,0.0,0.4399999976158142,0.0,0.0,-0.07362329214811325,0.9972861409187317,frame_1767597093.0282223.pkl
80,00:00:57,57.271146059036255,1767597093.837395,0.0,0.0,0.4399999976158142,0.0,0.0,-0.02867165580391884,0.9995889067649841,frame_1767597093.837395.pkl
81,00:00:58,58.21498441696167,1767597094.7812333,0.0,0.0,0.4399999976158142,0.0,0.0,0.03026720881462097,0.9995418190956116,frame_1767597094.7812333.pkl
82,00:00:58,58.927117586135864,1767597095.4933665,0.0,0.0,0.4399999976158142,0.0,0.0,0.12517528235912323,0.9921346306800842,frame_1767597095.4933665.pkl
83,00:00:59,59.66939902305603,1767597096.235648,0.025371551513671875,0.011386871337890625,0.4399999976158142,0.0,0.0,0.21370477974414825,0.9768983125686646,frame_1767597096.235648.pkl
84,00:01:00,60.452800273895264,1767597097.0190492,0.15588665008544922,0.07820510864257812,0.4399999976158142,0.0,0.0,0.25101906061172485,0.9679821133613586,frame_1767597097.0190492.pkl
85,00:01:01,61.28212523460388,1767597097.8483741,0.2754182815551758,0.14677715301513672,0.4399999976158142,0.0,0.0,0.2637186050415039,0.9645996689796448,frame_1767597097.8483741.pkl
86,00:01:01,61.99789881706238,1767597098.5641477,0.3684206008911133,0.20183944702148438,0.4399999976158142,0.0,0.0,0.2636864483356476,0.9646084308624268,frame_1767597098.5641477.pkl
87,00:01:02,62.716970443725586,1767597099.2832193,0.5404281616210938,0.3018655776977539,0.4399999976158142,0.0,0.0,0.2566011846065521,0.9665173888206482,frame_1767597099.2832193.pkl
88,00:01:03,63.403393030166626,1767597099.969642,0.6673450469970703,0.37316226959228516,0.4399999976158142,0.0,0.0,0.24931271374225616,0.968423068523407,frame_1767597099.969642.pkl
89,00:01:04,64.1189877986908,1767597100.6852367,0.7754392623901367,0.43136024475097656,0.4399999976158142,0.0,0.0,0.24065172672271729,0.9706115126609802,frame_1767597100.6852367.pkl
90,00:01:04,64.8124086856842,1767597101.3786576,0.9393730163574219,0.5171232223510742,0.4399999976158142,0.0,0.0,0.2368449717760086,0.9715474843978882,frame_1767597101.3786576.pkl
91,00:01:05,65.62885427474976,1767597102.1951032,1.112614631652832,0.6064910888671875,0.4399999976158142,0.0,0.0,0.23496894538402557,0.9720028638839722,frame_1767597102.1951032.pkl
92,00:01:06,66.60962224006653,1767597103.1758711,1.2636327743530273,0.6838464736938477,0.4399999976158142,0.0,0.0,0.23384621739387512,0.972273588180542,frame_1767597103.1758711.pkl
93,00:01:07,67.3098042011261,1767597103.876053,1.3863487243652344,0.7461585998535156,0.4399999976158142,0.0,0.0,0.2323049157857895,0.9726430177688599,frame_1767597103.876053.pkl
94,00:01:08,68.16880750656128,1767597104.7350564,1.5748567581176758,0.8419637680053711,0.4399999976158142,0.0,0.0,0.23381654918193817,0.972280740737915,frame_1767597104.7350564.pkl
95,00:01:09,69.37287640571594,1767597105.9391253,1.7768478393554688,0.9459218978881836,0.4399999976158142,0.0,0.0,0.23706109821796417,0.971494734287262,frame_1767597105.9391253.pkl
96,00:01:10,70.26469254493713,1767597106.8309414,1.9047088623046875,1.0132560729980469,0.4399999976158142,0.0,0.0,0.243035227060318,0.9700174927711487,frame_1767597106.8309414.pkl
97,00:01:11,71.11635732650757,1767597107.6826062,1.9137945175170898,1.0181159973144531,0.4399999976158142,0.0,0.0,0.24311640858650208,0.9699971079826355,frame_1767597107.6826062.pkl
98,00:01:11,71.83277130126953,1767597108.3990202,2.0171422958374023,1.073516845703125,0.4399999976158142,0.0,0.0,0.24404458701610565,0.969763994216919,frame_1767597108.3990202.pkl
99,00:01:12,72.68668413162231,1767597109.252933,2.110539436340332,1.1238079071044922,0.4399999976158142,0.0,0.0,0.24489545822143555,0.9695494771003723,frame_1767597109.252933.pkl
100,00:01:13,73.60337328910828,1767597110.1696222,2.110539436340332,1.1238079071044922,0.4399999976158142,0.0,0.0,0.23032528162002563,0.9731137156486511,frame_1767597110.1696222.pkl
101,00:01:14,74.31015872955322,1767597110.8764076,2.110539436340332,1.1238079071044922,0.4399999976158142,0.0,0.0,0.03240565210580826,0.999474823474884,frame_1767597110.8764076.pkl
102,00:01:15,75.10504651069641,1767597111.6712954,2.110539436340332,1.1238079071044922,0.4399999976158142,0.0,0.0,-0.16025353968143463,0.9870758652687073,frame_1767597111.6712954.pkl
103,00:01:15,75.90577268600464,1767597112.4720216,2.110539436340332,1.1238079071044922,0.4399999976158142,0.0,0.0,-0.21619974076747894,0.9763491749763489,frame_1767597112.4720216.pkl
104,00:01:16,76.71234679222107,1767597113.2785957,2.1184282302856445,1.1201181411743164,0.4399999976158142,0.0,0.0,-0.2183052897453308,0.97588050365448,frame_1767597113.2785957.pkl
105,00:01:17,77.56382846832275,1767597114.1300774,2.2572622299194336,1.048105239868164,0.4399999976158142,0.0,0.0,-0.25599461793899536,0.9666782021522522,frame_1767597114.1300774.pkl
106,00:01:18,78.36782670021057,1767597114.9340756,2.368886947631836,0.9796218872070312,0.4399999976158142,0.0,0.0,-0.28878650069236755,0.9573935270309448,frame_1767597114.9340756.pkl
107,00:01:19,79.30412101745605,1767597115.87037,2.46964168548584,0.9062681198120117,0.4399999976158142,0.0,0.0,-0.3253191113471985,0.9456043243408203,frame_1767597115.87037.pkl
108,00:01:20,80.22400283813477,1767597116.7902517,2.6528778076171875,0.7590103149414062,0.4399999976158142,0.0,0.0,-0.33711764216423035,0.941462516784668,frame_1767597116.7902517.pkl
109,00:01:21,81.07154035568237,1767597117.6377892,2.795701026916504,0.6424322128295898,0.4399999976158142,0.0,0.0,-0.33290421962738037,0.9429606795310974,frame_1767597117.6377892.pkl
110,00:01:21,81.85238742828369,1767597118.4186363,2.9695353507995605,0.5065021514892578,0.4399999976158142,0.0,0.0,-0.3176833391189575,0.9481968879699707,frame_1767597118.4186363.pkl
111,00:01:22,82.71806645393372,1767597119.2843153,3.1200294494628906,0.3975811004638672,0.4399999976158142,0.0,0.0,-0.2972026467323303,0.9548144340515137,frame_1767597119.2843153.pkl
112,00:01:23,83.54924654960632,1767597120.1154954,3.2322797775268555,0.324493408203125,0.4399999976158142,0.0,0.0,-0.2753344178199768,0.9613485336303711,frame_1767597120.1154954.pkl
113,00:01:24,84.40353393554688,1767597120.9697828,3.413383960723877,0.21408367156982422,0.4399999976158142,0.0,0.0,-0.2658778727054596,0.9640067219734192,frame_1767597120.9697828.pkl
114,00:01:25,85.27935433387756,1767597121.8456032,3.568754196166992,0.12169265747070312,0.4399999976158142,0.0,0.0,-0.2651868164539337,0.964197039604187,frame_1767597121.8456032.pkl
115,00:01:26,86.26628375053406,1767597122.8325326,3.8033933639526367,-0.021061420440673828,0.4399999976158142,0.0,0.0,-0.2747030556201935,0.9615291357040405,frame_1767597122.8325326.pkl
116,00:01:27,87.40349435806274,1767597123.9697433,3.958289623260498,-0.12084102630615234,0.4399999976158142,0.0,0.0,-0.2903366982936859,0.956924557685852,frame_1767597123.9697433.pkl
117,00:01:28,88.36553955078125,1767597124.9317884,4.0760722160339355,-0.2021183967590332,0.4399999976158142,0.0,0.0,-0.30470696091651917,0.9524461627006531,frame_1767597124.9317884.pkl
118,00:01:29,89.33068656921387,1767597125.8969355,4.172512531280518,-0.27269506454467773,0.4399999976158142,0.0,0.0,-0.3152977228164673,0.9489927887916565,frame_1767597125.8969355.pkl
119,00:01:30,90.36696600914001,1767597126.933215,4.300220489501953,-0.3685917854309082,0.4399999976158142,0.0,0.0,-0.3035617172718048,0.9528117775917053,frame_1767597126.933215.pkl
120,00:01:31,91.37832140922546,1767597127.9445703,4.300220489501953,-0.3685917854309082,0.4399999976158142,0.0,0.0,-0.12176354974508286,0.9925591349601746,frame_1767597127.9445703.pkl
121,00:01:32,92.15876293182373,1767597128.7250118,4.300220489501953,-0.3685917854309082,0.4399999976158142,0.0,0.0,-0.1471899449825287,0.9891082644462585,frame_1767597128.7250118.pkl
122,00:01:32,92.95061254501343,1767597129.5168614,4.300220489501953,-0.3685917854309082,0.4399999976158142,0.0,0.0,-0.28901660442352295,0.9573240876197815,frame_1767597129.5168614.pkl
123,00:01:34,94.05162072181702,1767597130.6178696,4.300220489501953,-0.3685917854309082,0.4399999976158142,0.0,0.0,-0.4533107280731201,0.8913525938987732,frame_1767597130.6178696.pkl
124,00:01:34,94.94336771965027,1767597131.5096166,4.313033103942871,-0.3862013816833496,0.4399999976158142,0.0,0.0,-0.4541197717189789,0.8909406065940857,frame_1767597131.5096166.pkl
125,00:01:35,95.99076890945435,1767597132.5570178,4.451151371002197,-0.5804157257080078,0.4399999976158142,0.0,0.0,-0.4629839360713959,0.8863666653633118,frame_1767597132.5570178.pkl
126,00:01:37,97.00676894187927,1767597133.5730178,4.565863609313965,-0.7482829093933105,0.4399999976158142,0.0,0.0,-0.44176337122917175,0.897131621837616,frame_1767597133.5730178.pkl
127,00:01:37,97.9830207824707,1767597134.5492697,4.565863609313965,-0.7482829093933105,0.4399999976158142,0.0,0.0,-0.20607315003871918,0.9785366058349609,frame_1767597134.5492697.pkl
128,00:01:38,98.7471194267273,1767597135.3133683,4.565863609313965,-0.7482829093933105,0.4399999976158142,0.0,0.0,-0.022553808987140656,0.9997456073760986,frame_1767597135.3133683.pkl
129,00:01:39,99.604909658432,1767597136.1711586,4.565863609313965,-0.7482829093933105,0.4399999976158142,0.0,0.0,0.006611587479710579,0.9999781250953674,frame_1767597136.1711586.pkl
130,00:01:40,100.31469011306763,1767597136.880939,4.565863609313965,-0.7482829093933105,0.4399999976158142,0.0,0.0,0.15099334716796875,0.9885347485542297,frame_1767597136.880939.pkl
131,00:01:41,101.01032328605652,1767597137.5765722,4.565863609313965,-0.7482829093933105,0.4399999976158142,0.0,0.0,0.29488518834114075,0.9555326700210571,frame_1767597137.5765722.pkl
132,00:01:41,101.73559641838074,1767597138.3018453,4.581127166748047,-0.7336316108703613,0.4399999976158142,0.0,0.0,0.3765032887458801,0.9264153242111206,frame_1767597138.3018453.pkl
133,00:01:42,102.39745354652405,1767597138.9637024,4.653872966766357,-0.6581692695617676,0.4399999976158142,0.0,0.0,0.4023101031780243,0.9155035018920898,frame_1767597138.9637024.pkl
134,00:01:43,103.23366332054138,1767597139.7999122,4.748047351837158,-0.5547685623168945,0.4399999976158142,0.0,0.0,0.40483227372169495,0.9143909811973572,frame_1767597139.7999122.pkl
135,00:01:43,103.97189903259277,1767597140.538148,4.881822109222412,-0.40915393829345703,0.4399999976158142,0.0,0.0,0.3990285396575928,0.9169384837150574,frame_1767597140.538148.pkl
136,00:01:44,104.71509313583374,1767597141.281342,4.987121105194092,-0.2979907989501953,0.4399999976158142,0.0,0.0,0.39062705636024475,0.9205490350723267,frame_1767597141.281342.pkl
137,00:01:45,105.38017225265503,1767597141.9464211,5.043017387390137,-0.2411026954650879,0.4399999976158142,0.0,0.0,0.3783557116985321,0.925660252571106,frame_1767597141.9464211.pkl
138,00:01:46,106.10729503631592,1767597142.673544,5.043017387390137,-0.2411026954650879,0.4399999976158142,0.0,0.0,0.3334018886089325,0.9427847862243652,frame_1767597142.673544.pkl
139,00:01:46,106.88664841651917,1767597143.4528973,5.056186676025391,-0.23283100128173828,0.4399999976158142,0.0,0.0,0.2744450569152832,0.9616027474403381,frame_1767597143.4528973.pkl
140,00:01:47,107.55718636512756,1767597144.1234353,5.16064453125,-0.17258644104003906,0.4399999976158142,0.0,0.0,0.2438034862279892,0.9698246717453003,frame_1767597144.1234353.pkl
141,00:01:48,108.43715643882751,1767597145.0034053,5.304255485534668,-0.09858894348144531,0.4399999976158142,0.0,0.0,0.22813384234905243,0.9736297726631165,frame_1767597145.0034053.pkl
142,00:01:49,109.38781309127808,1767597145.954062,5.417525291442871,-0.04323911666870117,0.4399999976158142,0.0,0.0,0.21929031610488892,0.9756596684455872,frame_1767597145.954062.pkl
143,00:01:50,110.13861298561096,1767597146.7048619,5.532256603240967,0.006485939025878906,0.4399999976158142,0.0,0.0,0.1833977997303009,0.9830387830734253,frame_1767597146.7048619.pkl
144,00:01:51,111.07788515090942,1767597147.644134,5.633144378662109,0.039816856384277344,0.4399999976158142,0.0,0.0,0.1336873173713684,0.9910235404968262,frame_1767597147.644134.pkl
145,00:01:51,111.96064329147339,1767597148.5268922,5.633144378662109,0.039816856384277344,0.4399999976158142,0.0,0.0,0.1336873173713684,0.9910235404968262,frame_1767597148.5268922.pkl
146,00:01:52,112.7119665145874,1767597149.2782154,5.660447120666504,0.04709815979003906,0.4399999976158142,0.0,0.0,0.1257334202528,0.9920640587806702,frame_1767597149.2782154.pkl
147,00:01:53,113.40079092979431,1767597149.9670398,5.773271560668945,0.0722970962524414,0.4399999976158142,0.0,0.0,0.09296714514493942,0.9956691861152649,frame_1767597149.9670398.pkl
148,00:01:54,114.14275979995728,1767597150.7090087,5.905627727508545,0.09185409545898438,0.4399999976158142,0.0,0.0,0.05175270512700081,0.9986599087715149,frame_1767597150.7090087.pkl
149,00:01:54,114.94849824905396,1767597151.5147471,5.981219291687012,0.09748172760009766,0.4399999976158142,0.0,0.0,-0.0023659521248191595,0.9999971985816956,frame_1767597151.5147471.pkl
150,00:01:55,115.75540828704834,1767597152.3216572,5.981219291687012,0.09748172760009766,0.4399999976158142,0.0,0.0,-0.13896416127681732,0.9902973771095276,frame_1767597152.3216572.pkl
151,00:01:56,116.53860688209534,1767597153.1048558,5.981219291687012,0.09748172760009766,0.4399999976158142,0.0,0.0,-0.13896416127681732,0.9902973771095276,frame_1767597153.1048558.pkl
152,00:01:57,117.23893570899963,1767597153.8051846,5.981219291687012,0.09748172760009766,0.4399999976158142,0.0,0.0,-0.1560339778661728,0.9877517223358154,frame_1767597153.8051846.pkl
153,00:01:58,118.15780186653137,1767597154.7240508,5.981219291687012,0.09748172760009766,0.4399999976158142,0.0,0.0,-0.26385706663131714,0.9645618200302124,frame_1767597154.7240508.pkl
154,00:01:59,119.08899068832397,1767597155.6552396,5.992663383483887,0.08687496185302734,0.4399999976158142,0.0,0.0,-0.36785346269607544,0.9298837780952454,frame_1767597155.6552396.pkl
155,00:01:59,119.94578099250793,1767597156.51203,6.100401878356934,-0.025404930114746094,0.4399999976158142,0.0,0.0,-0.4140966236591339,0.9102329611778259,frame_1767597156.51203.pkl
156,00:02:00,120.67294192314148,1767597157.2391908,6.189834117889404,-0.1288280487060547,0.4399999976158142,0.0,0.0,-0.41776278614997864,0.9085561633110046,frame_1767597157.2391908.pkl
157,00:02:01,121.96726632118225,1767597158.5335152,6.35857629776001,-0.3291664123535156,0.4399999976158142,0.0,0.0,-0.39621415734291077,0.9181581139564514,frame_1767597158.5335152.pkl
158,00:02:02,122.67844080924988,1767597159.2446897,6.35857629776001,-0.3291664123535156,0.4399999976158142,0.0,0.0,-0.23030345141887665,0.9731188416481018,frame_1767597159.2446897.pkl
159,00:02:03,123.41118836402893,1767597159.9774373,6.35857629776001,-0.3291664123535156,0.4399999976158142,0.0,0.0,-0.03238002955913544,0.9994756579399109,frame_1767597159.9774373.pkl
160,00:02:04,124.17782878875732,1767597160.7440777,6.35857629776001,-0.3291664123535156,0.4399999976158142,0.0,0.0,0.14200161397457123,0.9898664355278015,frame_1767597160.7440777.pkl
161,00:02:05,125.19851160049438,1767597161.7647605,6.35857629776001,-0.3291664123535156,0.4399999976158142,0.0,0.0,0.1566634327173233,0.987652063369751,frame_1767597161.7647605.pkl
162,00:02:05,125.8816466331482,1767597162.4478955,6.35857629776001,-0.3291664123535156,0.4399999976158142,0.0,0.0,0.24523626267910004,0.9694633483886719,frame_1767597162.4478955.pkl
163,00:02:06,126.97941470146179,1767597163.5456636,6.35857629776001,-0.3291664123535156,0.4399999976158142,0.0,0.0,0.25172120332717896,0.9677997827529907,frame_1767597163.5456636.pkl
164,00:02:07,127.83791708946228,1767597164.404166,6.35857629776001,-0.3291664123535156,0.4399999976158142,0.0,0.0,0.33998048305511475,0.9404324889183044,frame_1767597164.404166.pkl
165,00:02:08,128.64355611801147,1767597165.209805,6.363009929656982,-0.3242788314819336,0.4399999976158142,0.0,0.0,0.40631866455078125,0.9137314558029175,frame_1767597165.209805.pkl
166,00:02:09,129.51057887077332,1767597166.0768278,6.438778877258301,-0.23306703567504883,0.4399999976158142,0.0,0.0,0.44161832332611084,0.8972030282020569,frame_1767597166.0768278.pkl
167,00:02:10,130.38456869125366,1767597166.9508176,6.522520065307617,-0.12183618545532227,0.4399999976158142,0.0,0.0,0.448724627494812,0.8936700820922852,frame_1767597166.9508176.pkl
168,00:02:11,131.24886178970337,1767597167.8151107,6.638273239135742,0.029961585998535156,0.4399999976158142,0.0,0.0,0.437429815530777,0.8992525339126587,frame_1767597167.8151107.pkl
169,00:02:12,132.04410457611084,1767597168.6103535,6.721954822540283,0.1328868865966797,0.4399999976158142,0.0,0.0,0.42160001397132874,0.9067819118499756,frame_1767597168.6103535.pkl
170,00:02:13,133.2159185409546,1767597169.7821674,6.721954822540283,0.1328868865966797,0.4399999976158142,0.0,0.0,0.4216000437736511,0.9067819118499756,frame_1767597169.7821674.pkl
171,00:02:13,133.98817229270935,1767597170.5544212,6.80189323425293,0.22525405883789062,0.4399999976158142,0.0,0.0,0.4096279442310333,0.91225266456604,frame_1767597170.5544212.pkl
172,00:02:14,134.77479720115662,1767597171.341046,6.880833625793457,0.3119516372680664,0.4399999976158142,0.0,0.0,0.4002441465854645,0.9164085388183594,frame_1767597171.341046.pkl
173,00:02:15,135.59340572357178,1767597172.1596546,6.9941887855529785,0.4331026077270508,0.4399999976158142,0.0,0.0,0.39565375447273254,0.9183997511863708,frame_1767597172.1596546.pkl
174,00:02:16,136.3025825023651,1767597172.8688314,6.9941887855529785,0.4331026077270508,0.4399999976158142,0.0,0.0,0.39565375447273254,0.9183997511863708,frame_1767597172.8688314.pkl
175,00:02:16,136.99261665344238,1767597173.5588655,6.9941887855529785,0.4331026077270508,0.4399999976158142,0.0,0.0,0.3897082507610321,0.9209383726119995,frame_1767597173.5588655.pkl
176,00:02:17,137.65855026245117,1767597174.2247992,6.9941887855529785,0.4331026077270508,0.4399999976158142,0.0,0.0,0.32961148023605347,0.9441166520118713,frame_1767597174.2247992.pkl
177,00:02:18,138.4106068611145,1767597174.9768558,6.9941887855529785,0.4331026077270508,0.4399999976158142,0.0,0.0,0.2683924734592438,0.963309645652771,frame_1767597174.9768558.pkl
178,00:02:19,139.14227509498596,1767597175.708524,7.13291597366333,0.5067205429077148,0.4399999976158142,0.0,0.0,0.2198246717453003,0.9755393862724304,frame_1767597175.708524.pkl
179,00:02:20,140.00411009788513,1767597176.570359,7.299346446990967,0.5809850692749023,0.4399999976158142,0.0,0.0,0.1973452866077423,0.9803340435028076,frame_1767597176.570359.pkl
180,00:02:20,140.86731696128845,1767597177.4335659,7.404919624328613,0.6241168975830078,0.4399999976158142,0.0,0.0,0.1879633367061615,0.9821760654449463,frame_1767597177.4335659.pkl
181,00:02:21,141.7670545578003,1767597178.3333035,7.404919624328613,0.6241168975830078,0.4399999976158142,0.0,0.0,0.1879633367061615,0.9821760654449463,frame_1767597178.3333035.pkl
182,00:02:22,142.4727041721344,1767597179.038953,7.404919624328613,0.6241168975830078,0.4399999976158142,0.0,0.0,0.18423812091350555,0.9828816652297974,frame_1767597179.038953.pkl
183,00:02:23,143.20555591583252,1767597179.7718048,7.404919624328613,0.6241168975830078,0.4399999976158142,0.0,0.0,0.11710192263126373,0.9931198954582214,frame_1767597179.7718048.pkl
184,00:02:23,143.96601796150208,1767597180.5322669,7.41779088973999,0.6257686614990234,0.4399999976158142,0.0,0.0,0.06157337874174118,0.9981025457382202,frame_1767597180.5322669.pkl
185,00:02:24,144.73843479156494,1767597181.3046837,7.533328056335449,0.6360263824462891,0.4399999976158142,0.0,0.0,0.030001958832144737,0.9995498061180115,frame_1767597181.3046837.pkl
186,00:02:25,145.5189106464386,1767597182.0851595,7.639078140258789,0.6412782669067383,0.4399999976158142,0.0,0.0,0.020354971289634705,0.9997928142547607,frame_1767597182.0851595.pkl
187,00:02:26,146.25709056854248,1767597182.8233395,7.769957542419434,0.6458749771118164,0.4399999976158142,0.0,0.0,0.014686578884720802,0.9998921155929565,frame_1767597182.8233395.pkl
188,00:02:27,147.13780164718628,1767597183.7040505,7.769957542419434,0.6458749771118164,0.4399999976158142,0.0,0.0,0.044671621173620224,0.9990017414093018,frame_1767597183.7040505.pkl
189,00:02:27,147.88109636306763,1767597184.4473453,7.769957542419434,0.6458749771118164,0.4399999976158142,0.0,0.0,0.24224844574928284,0.9702142477035522,frame_1767597184.4473453.pkl
190,00:02:28,148.59426259994507,1767597185.1605115,7.769957542419434,0.6458749771118164,0.4399999976158142,0.0,0.0,0.4301706850528717,0.9027475714683533,frame_1767597185.1605115.pkl
191,00:02:29,149.3360333442688,1767597185.9022822,7.769957542419434,0.6458749771118164,0.4399999976158142,0.0,0.0,0.5888868570327759,0.8082154989242554,frame_1767597185.9022822.pkl
192,00:02:30,150.0777063369751,1767597186.6439552,7.769957542419434,0.6458749771118164,0.4399999976158142,0.0,0.0,0.7477583289146423,0.6639710068702698,frame_1767597186.6439552.pkl
193,00:02:30,150.85390377044678,1767597187.4201527,7.769957542419434,0.6458749771118164,0.4399999976158142,0.0,0.0,0.8770477771759033,0.4804031550884247,frame_1767597187.4201527.pkl
194,00:02:31,151.52322936058044,1767597188.0894783,7.769957542419434,0.6458749771118164,0.4399999976158142,0.0,0.0,0.9423837661743164,0.33453381061553955,frame_1767597188.0894783.pkl
195,00:02:32,152.41046237945557,1767597188.9767113,7.769957542419434,0.6458749771118164,0.4399999976158142,0.0,0.0,0.9507076144218445,0.3100886344909668,frame_1767597188.9767113.pkl
196,00:02:33,153.21427392959595,1767597189.7805228,7.769957542419434,0.6458749771118164,0.4399999976158142,0.0,0.0,0.9770066142082214,0.2132091075181961,frame_1767597189.7805228.pkl
197,00:02:34,154.17038655281067,1767597190.7366354,7.769957542419434,0.6458749771118164,0.4399999976158142,0.0,0.0,0.9781100749969482,0.20808814465999603,frame_1767597190.7366354.pkl
198,00:02:35,155.01398706436157,1767597191.580236,7.769957542419434,0.6458749771118164,0.4399999976158142,0.0,0.0,0.9924716353416443,0.12247476726770401,frame_1767597191.580236.pkl
199,00:02:35,155.78107500076294,1767597192.347324,7.746430397033691,0.6488819122314453,0.4399999976158142,0.0,0.0,0.998159646987915,0.0606408417224884,frame_1767597192.347324.pkl
200,00:02:36,156.63840436935425,1767597193.2046533,7.583741188049316,0.6627597808837891,0.4399999976158142,0.0,0.0,0.999646782875061,0.02657751739025116,frame_1767597193.2046533.pkl
201,00:02:37,157.5416066646576,1767597194.1078556,7.398045063018799,0.6705703735351562,0.4399999976158142,0.0,0.0,0.999849796295166,0.01733032613992691,frame_1767597194.1078556.pkl
202,00:02:38,158.38993906974792,1767597194.956188,7.13691520690918,0.6807336807250977,0.4399999976158142,0.0,0.0,0.9997530579566956,0.02222076989710331,frame_1767597194.956188.pkl
203,00:02:39,159.23770403862,1767597195.803953,6.925999164581299,0.6924428939819336,0.4399999976158142,0.0,0.0,0.9993906021118164,0.034905098378658295,frame_1767597195.803953.pkl
204,00:02:39,159.95135259628296,1767597196.5176015,6.8063859939575195,0.7026023864746094,0.4399999976158142,0.0,0.0,0.9988806247711182,0.047301847487688065,frame_1767597196.5176015.pkl
205,00:02:40,160.757972240448,1767597197.3242211,6.623225688934326,0.7210836410522461,0.4399999976158142,0.0,0.0,0.9985924363136292,0.0530388206243515,frame_1767597197.3242211.pkl
206,00:02:41,161.5422842502594,1767597198.1085331,6.465057373046875,0.7382488250732422,0.4399999976158142,0.0,0.0,0.998497724533081,0.05479362607002258,frame_1767597198.1085331.pkl
207,00:02:42,162.39697647094727,1767597198.9632254,6.350255966186523,0.7509040832519531,0.4399999976158142,0.0,0.0,0.9985218644142151,0.054351549595594406,frame_1767597198.9632254.pkl
208,00:02:43,163.24889993667603,1767597199.8151488,6.133899688720703,0.7730731964111328,0.4399999976158142,0.0,0.0,0.9988719820976257,0.04748402163386345,frame_1767597199.8151488.pkl
209,00:02:43,163.94355249404907,1767597200.5098014,5.980829238891602,0.7866115570068359,0.4399999976158142,0.0,0.0,0.9991924166679382,0.040182098746299744,frame_1767597200.5098014.pkl
210,00:02:44,164.7773630619049,1767597201.343612,5.863216400146484,0.7949018478393555,0.4399999976158142,0.0,0.0,0.9995148181915283,0.031147047877311707,frame_1767597201.343612.pkl
211,00:02:45,165.58493661880493,1767597202.1511855,5.670435428619385,0.8061103820800781,0.4399999976158142,0.0,0.0,0.9996324181556702,0.027110552415251732,frame_1767597202.1511855.pkl
212,00:02:46,166.5053427219391,1767597203.0715916,5.461167335510254,0.8171348571777344,0.4399999976158142,0.0,0.0,0.9996715188026428,0.02562881074845791,frame_1767597203.0715916.pkl
213,00:02:47,167.22102117538452,1767597203.78727,5.369001388549805,0.8218927383422852,0.4399999976158142,0.0,0.0,0.9996618032455444,0.026006819680333138,frame_1767597203.78727.pkl
214,00:02:47,167.93221879005432,1767597204.4984677,5.184108734130859,0.8321361541748047,0.4399999976158142,0.0,0.0,0.9995657205581665,0.029467927291989326,frame_1767597204.4984677.pkl
215,00:02:48,168.8559820652008,1767597205.422231,5.00979471206665,0.8431453704833984,0.4399999976158142,0.0,0.0,0.9999993443489075,0.0011510412441566586,frame_1767597205.422231.pkl
216,00:02:49,169.5936472415924,1767597206.1598961,5.00979471206665,0.8431453704833984,0.4399999976158142,0.0,0.0,0.9802954792976379,-0.1975366622209549,frame_1767597206.1598961.pkl
217,00:02:50,170.42578029632568,1767597206.9920292,5.00979471206665,0.8431453704833984,0.4399999976158142,0.0,0.0,0.9300153851509094,-0.36752063035964966,frame_1767597206.9920292.pkl
218,00:02:51,171.23104691505432,1767597207.7972958,5.00979471206665,0.8431453704833984,0.4399999976158142,0.0,0.0,-0.8264716267585754,0.5629783868789673,frame_1767597207.7972958.pkl
219,00:02:52,172.07542371749878,1767597208.6416726,5.00979471206665,0.8431453704833984,0.4399999976158142,0.0,0.0,-0.6976737976074219,0.7164157032966614,frame_1767597208.6416726.pkl
220,00:02:52,172.8357527256012,1767597209.4020016,5.012104034423828,0.8308563232421875,0.4399999976158142,0.0,0.0,-0.6375628113746643,0.7703983187675476,frame_1767597209.4020016.pkl
221,00:02:53,173.57987904548645,1767597210.146128,5.037981033325195,0.7088146209716797,0.4399999976158142,0.0,0.0,-0.6229522824287415,0.7822598814964294,frame_1767597210.146128.pkl
222,00:02:54,174.31129097938538,1767597210.8775399,5.060413360595703,0.60662841796875,0.4399999976158142,0.0,0.0,-0.6380079388618469,0.7700297832489014,frame_1767597210.8775399.pkl
223,00:02:55,175.0560986995697,1767597211.6223476,5.060413360595703,0.60662841796875,0.4399999976158142,0.0,0.0,-0.6905527114868164,0.7232820987701416,frame_1767597211.6223476.pkl
224,00:02:55,175.91498637199402,1767597212.4812353,5.058094024658203,0.5849542617797852,0.4399999976158142,0.0,0.0,-0.7458675503730774,0.6660943031311035,frame_1767597212.4812353.pkl
225,00:02:56,176.7922067642212,1767597213.3584557,5.026281356811523,0.39203357696533203,0.4399999976158142,0.0,0.0,-0.7774163484573364,0.6289865374565125,frame_1767597213.3584557.pkl
226,00:02:57,177.4882254600525,1767597214.0544744,4.990645885467529,0.23551464080810547,0.4399999976158142,0.0,0.0,-0.7851216793060303,0.6193415522575378,frame_1767597214.0544744.pkl
227,00:02:58,178.29601764678955,1767597214.8622665,4.9644269943237305,0.1246805191040039,0.4399999976158142,0.0,0.0,-0.7836196422576904,0.6212409138679504,frame_1767597214.8622665.pkl
228,00:02:59,179.02573776245117,1767597215.5919867,4.928173542022705,-0.029484272003173828,0.4399999976158142,0.0,0.0,-0.7842015624046326,0.6205063462257385,frame_1767597215.5919867.pkl
229,00:02:59,179.72598552703857,1767597216.2922344,4.896071434020996,-0.16399478912353516,0.4399999976158142,0.0,0.0,-0.7856967449188232,0.6186118721961975,frame_1767597216.2922344.pkl
230,00:03:00,180.66916298866272,1767597217.235412,4.861686706542969,-0.3039436340332031,0.4399999976158142,0.0,0.0,-0.7882995009422302,0.6152916550636292,frame_1767597217.235412.pkl
231,00:03:01,181.46906089782715,1767597218.0353098,4.8174028396606445,-0.47672462463378906,0.4399999976158142,0.0,0.0,-0.7918727993965149,0.6106860637664795,frame_1767597218.0353098.pkl
232,00:03:02,182.1795208454132,1767597218.7457697,4.778625965118408,-0.6208405494689941,0.4399999976158142,0.0,0.0,-0.7952374219894409,0.6062981486320496,frame_1767597218.7457697.pkl
233,00:03:02,182.9252805709839,1767597219.4915295,4.7241291999816895,-0.8161745071411133,0.4399999976158142,0.0,0.0,-0.7976923584938049,0.603064775466919,frame_1767597219.4915295.pkl
234,00:03:03,183.64894890785217,1767597220.2151978,4.6854023933410645,-0.9515824317932129,0.4399999976158142,0.0,0.0,-0.7992094159126282,0.6010526418685913,frame_1767597220.2151978.pkl
235,00:03:04,184.3626787662506,1767597220.9289277,4.652831554412842,-1.063403606414795,0.4399999976158142,0.0,0.0,-0.7992933392524719,0.6009410619735718,frame_1767597220.9289277.pkl
236,00:03:05,185.16651034355164,1767597221.7327592,4.5931830406188965,-1.2865467071533203,0.4399999976158142,0.0,0.0,-0.7861410975456238,0.618047297000885,frame_1767597221.7327592.pkl
237,00:03:06,186.01149559020996,1767597222.5777445,4.556354999542236,-1.4537320137023926,0.4399999976158142,0.0,0.0,-0.7719757556915283,0.6356520056724548,frame_1767597222.5777445.pkl
238,00:03:06,186.7420094013214,1767597223.3082583,4.537316799163818,-1.5670509338378906,0.4399999976158142,0.0,0.0,-0.7559282183647156,0.6546545028686523,frame_1767597223.3082583.pkl
239,00:03:07,187.46176433563232,1767597224.0280132,4.5117902755737305,-1.766921043395996,0.4399999976158142,0.0,0.0,-0.745364785194397,0.6666568517684937,frame_1767597224.0280132.pkl
240,00:03:08,188.4677734375,1767597225.0340223,4.489621639251709,-1.9894070625305176,0.4399999976158142,0.0,0.0,-0.7371730804443359,0.6757040023803711,frame_1767597225.0340223.pkl
241,00:03:09,189.2404932975769,1767597225.8067422,4.479852676391602,-2.1102843284606934,0.4399999976158142,0.0,0.0,-0.7340870499610901,0.679055392742157,frame_1767597225.8067422.pkl
242,00:03:09,189.9463973045349,1767597226.5126462,4.4659833908081055,-2.275120735168457,0.4399999976158142,0.0,0.0,-0.7385908961296082,0.6741539239883423,frame_1767597226.5126462.pkl
243,00:03:10,190.67319893836975,1767597227.2394478,4.450701713562012,-2.42501163482666,0.4399999976158142,0.0,0.0,-0.7460832595825195,0.6658526659011841,frame_1767597227.2394478.pkl
244,00:03:11,191.48751306533813,1767597228.053762,4.438671588897705,-2.520848274230957,0.4399999976158142,0.0,0.0,-0.753697395324707,0.6572216153144836,frame_1767597228.053762.pkl
245,00:03:12,192.2558717727661,1767597228.8221207,4.401337146759033,-2.7725720405578613,0.4399999976158142,0.0,0.0,-0.7605416774749756,0.6492891907691956,frame_1767597228.8221207.pkl
246,00:03:12,192.98573899269104,1767597229.551988,4.376635551452637,-2.9236841201782227,0.4399999976158142,0.0,0.0,-0.7635502815246582,0.6457483768463135,frame_1767597229.551988.pkl
247,00:03:13,193.69119000434875,1767597230.257439,4.356387138366699,-3.0411810874938965,0.4399999976158142,0.0,0.0,-0.7654703855514526,0.6434711217880249,frame_1767597230.257439.pkl
248,00:03:14,194.34367108345032,1767597230.90992,4.325854778289795,-3.2180590629577637,0.4399999976158142,0.0,0.0,-0.7641506791114807,0.6450377106666565,frame_1767597230.90992.pkl
249,00:03:15,195.02173233032227,1767597231.5879812,4.301569938659668,-3.3635597229003906,0.4399999976158142,0.0,0.0,-0.7619035840034485,0.64769047498703,frame_1767597231.5879812.pkl
250,00:03:15,195.74103951454163,1767597232.3072884,4.280569076538086,-3.496504783630371,0.4399999976158142,0.0,0.0,-0.758912205696106,0.6511929631233215,frame_1767597232.3072884.pkl
251,00:03:16,196.4810631275177,1767597233.047312,4.248295307159424,-3.7123336791992188,0.4399999976158142,0.0,0.0,-0.7562707662582397,0.6542587280273438,frame_1767597233.047312.pkl
252,00:03:17,197.4187548160553,1767597233.9850037,4.2196736335754395,-3.9141297340393066,0.4399999976158142,0.0,0.0,-0.7529235482215881,0.6581079959869385,frame_1767597233.9850037.pkl
253,00:03:18,198.18776965141296,1767597234.7540185,4.203318119049072,-4.055272102355957,0.4399999976158142,0.0,0.0,-0.7396727204322815,0.6729667782783508,frame_1767597234.7540185.pkl
254,00:03:19,199.8748800754547,1767597236.441129,4.193333148956299,-4.272902488708496,0.4399999976158142,0.0,0.0,-0.6974440217018127,0.7166393399238586,frame_1767597236.441129.pkl
255,00:03:21,201.70394349098206,1767597238.2701924,4.193333148956299,-4.272902488708496,0.4399999976158142,0.0,0.0,-0.4476304352283478,0.8942186236381531,frame_1767597238.2701924.pkl
256,00:03:22,202.48382806777954,1767597239.050077,4.193333148956299,-4.272902488708496,0.4399999976158142,0.0,0.0,-0.3618498146533966,0.9322364330291748,frame_1767597239.050077.pkl
257,00:03:24,204.1185164451599,1767597240.6847653,4.212303638458252,-4.290518760681152,0.4399999976158142,0.0,0.0,-0.3697572350502014,0.9291284084320068,frame_1767597240.6847653.pkl
258,00:03:25,205.04554343223572,1767597241.6117923,4.326323986053467,-4.4105987548828125,0.4399999976158142,0.0,0.0,-0.4198567569255829,0.907590389251709,frame_1767597241.6117923.pkl
259,00:03:25,205.90305161476135,1767597242.4693005,4.430544376373291,-4.5487823486328125,0.4399999976158142,0.0,0.0,-0.4704952836036682,0.8824025392532349,frame_1767597242.4693005.pkl
260,00:03:26,206.75623512268066,1767597243.322484,4.5117573738098145,-4.679035186767578,0.4399999976158142,0.0,0.0,-0.49649757146835327,0.8680381178855896,frame_1767597243.322484.pkl
261,00:03:27,207.68363213539124,1767597244.249881,4.633425712585449,-4.892605304718018,0.4399999976158142,0.0,0.0,-0.507477343082428,0.8616651296615601,frame_1767597244.249881.pkl
262,00:03:29,209.47779726982117,1767597246.0440462,4.803476810455322,-5.201384544372559,0.4399999976158142,0.0,0.0,-0.5098180770874023,0.8602822422981262,frame_1767597246.0440462.pkl
263,00:03:30,210.44168376922607,1767597247.0079327,4.874561309814453,-5.329459190368652,0.4399999976158142,0.0,0.0,-0.5037282109260559,0.8638622164726257,frame_1767597247.0079327.pkl
264,00:03:31,211.11009192466736,1767597247.6763408,4.91448974609375,-5.398016929626465,0.4399999976158142,0.0,0.0,-0.4927716553211212,0.8701586723327637,frame_1767597247.6763408.pkl
265,00:03:31,211.991760969162,1767597248.5580099,4.915158748626709,-5.39913272857666,0.4399999976158142,0.0,0.0,-0.31986790895462036,0.9474621415138245,frame_1767597248.5580099.pkl
266,00:03:32,212.7755868434906,1767597249.3418357,4.915158748626709,-5.39913272857666,0.4399999976158142,0.0,0.0,-0.16615669429302216,0.986099362373352,frame_1767597249.3418357.pkl
267,00:03:33,213.55276799201965,1767597250.119017,4.92969274520874,-5.404142379760742,0.4399999976158142,0.0,0.0,-0.1640542447566986,0.9864513278007507,frame_1767597250.119017.pkl
268,00:03:34,214.26808428764343,1767597250.8343332,5.031623363494873,-5.437350749969482,0.4399999976158142,0.0,0.0,-0.14933478832244873,0.9887866973876953,frame_1767597250.8343332.pkl
269,00:03:35,215.09315252304077,1767597251.6594014,5.149576187133789,-5.471590995788574,0.4399999976158142,0.0,0.0,-0.13202674686908722,0.9912461638450623,frame_1767597251.6594014.pkl
270,00:03:36,216.43350863456726,1767597252.9997575,5.149576187133789,-5.471590995788574,0.4399999976158142,0.0,0.0,-0.13945722579956055,0.9902281165122986,frame_1767597252.9997575.pkl
271,00:03:37,217.20215964317322,1767597253.7684085,5.149576187133789,-5.471590995788574,0.4399999976158142,0.0,0.0,-0.3498500883579254,0.9368056654930115,frame_1767597253.7684085.pkl
272,00:03:37,217.90491318702698,1767597254.471162,5.149576187133789,-5.471590995788574,0.4399999976158142,0.0,0.0,-0.5076113343238831,0.8615861535072327,frame_1767597254.471162.pkl
273,00:03:38,218.5840458869934,1767597255.1502948,5.149576187133789,-5.471590995788574,0.4399999976158142,0.0,0.0,-0.6686621308326721,0.7435663938522339,frame_1767597255.1502948.pkl
274,00:03:39,219.2817714214325,1767597255.8480203,5.149576187133789,-5.471590995788574,0.4399999976158142,0.0,0.0,-0.7879100441932678,0.6157903671264648,frame_1767597255.8480203.pkl
275,00:03:40,220.23766541481018,1767597256.8039143,5.149576187133789,-5.471590995788574,0.4399999976158142,0.0,0.0,0.8807337880134583,-0.4736116826534271,frame_1767597256.8039143.pkl
276,00:03:41,221.49251890182495,1767597258.0587678,5.149576187133789,-5.471590995788574,0.4399999976158142,0.0,0.0,-0.723400890827179,0.6904283165931702,frame_1767597258.0587678.pkl
277,00:03:42,222.22455096244812,1767597258.7907999,5.149576187133789,-5.471590995788574,0.4399999976158142,0.0,0.0,-0.8084951043128967,0.5885030031204224,frame_1767597258.7907999.pkl
278,00:03:42,222.95521926879883,1767597259.5214682,5.149576187133789,-5.471590995788574,0.4399999976158142,0.0,0.0,0.9092976450920105,-0.41614651679992676,frame_1767597259.5214682.pkl
279,00:03:43,223.79088282585144,1767597260.3571317,5.149576187133789,-5.471590995788574,0.4399999976158142,0.0,0.0,0.9756739139556885,-0.21922685205936432,frame_1767597260.3571317.pkl
280,00:03:44,224.95678210258484,1767597261.523031,5.144878387451172,-5.472074508666992,0.4399999976158142,0.0,0.0,0.998734176158905,-0.050299715250730515,frame_1767597261.523031.pkl
281,00:03:45,225.77657103538513,1767597262.34282,4.995819091796875,-5.480175971984863,0.4399999976158142,0.0,0.0,0.9999134540557861,-0.013155750930309296,frame_1767597262.34282.pkl
282,00:03:46,226.58640909194946,1767597263.152658,4.844748497009277,-5.489239692687988,0.4399999976158142,0.0,0.0,0.9988700151443481,-0.047526050359010696,frame_1767597263.152658.pkl
283,00:03:47,227.43269991874695,1767597263.9989488,4.621146202087402,-5.522795677185059,0.4399999976158142,0.0,0.0,0.9946886897087097,-0.10292922705411911,frame_1767597263.9989488.pkl
284,00:03:48,228.22507405281067,1767597264.791323,4.4718756675720215,-5.561100959777832,0.4399999976158142,0.0,0.0,0.988569438457489,-0.15076616406440735,frame_1767597264.791323.pkl
285,00:03:48,228.9462649822235,1767597265.5125139,4.368631362915039,-5.5995988845825195,0.4399999976158142,0.0,0.0,0.9809401035308838,-0.19431038200855255,frame_1767597265.5125139.pkl
286,00:03:49,229.66269731521606,1767597266.2289462,4.230364799499512,-5.657976150512695,0.4399999976158142,0.0,0.0,0.9795124530792236,-0.20138365030288696,frame_1767597266.2289462.pkl
287,00:03:50,230.43699550628662,1767597267.0032444,4.091048717498779,-5.7163987159729,0.4399999976158142,0.0,0.0,0.9815133810043335,-0.19139376282691956,frame_1767597267.0032444.pkl
288,00:03:51,231.2142300605774,1767597267.780479,3.985642910003662,-5.756999969482422,0.4399999976158142,0.0,0.0,0.9847711324691772,-0.17385582625865936,frame_1767597267.780479.pkl
289,00:03:51,231.92496037483215,1767597268.4912093,3.8404717445373535,-5.805940628051758,0.4399999976158142,0.0,0.0,0.9887990355491638,-0.1492530107498169,frame_1767597268.4912093.pkl
290,00:03:52,232.6821825504303,1767597269.2484314,3.691579818725586,-5.847222328186035,0.4399999976158142,0.0,0.0,0.9929312467575073,-0.11869097501039505,frame_1767597269.2484314.pkl
291,00:03:53,233.37192797660828,1767597269.9381769,3.5986762046813965,-5.867245674133301,0.4399999976158142,0.0,0.0,0.9953508973121643,-0.096314936876297,frame_1767597269.9381769.pkl
292,00:03:54,234.16208696365356,1767597270.7283359,3.4272308349609375,-5.898806571960449,0.4399999976158142,0.0,0.0,0.9962937831878662,-0.08601545542478561,frame_1767597270.7283359.pkl
293,00:03:54,234.93328380584717,1767597271.4995327,3.2838258743286133,-5.9232587814331055,0.4399999976158142,0.0,0.0,0.9965675473213196,-0.08278381824493408,frame_1767597271.4995327.pkl
294,00:03:55,235.66171789169312,1767597272.2279668,3.177919387817383,-5.940990447998047,0.4399999976158142,0.0,0.0,0.9964730739593506,-0.08391354233026505,frame_1767597272.2279668.pkl
295,00:03:56,236.7364890575409,1767597273.302738,2.9408745765686035,-5.984329700469971,0.4399999976158142,0.0,0.0,0.9952738881111145,-0.0971078872680664,frame_1767597273.302738.pkl
296,00:03:57,237.83784985542297,1767597274.4040987,2.7395310401916504,-6.027270317077637,0.4399999976158142,0.0,0.0,0.9936219453811646,-0.11276274919509888,frame_1767597274.4040987.pkl
297,00:03:58,238.7651331424713,1767597275.331382,2.731379985809326,-6.029141902923584,0.4399999976158142,0.0,0.0,0.9936710596084595,-0.11232918500900269,frame_1767597275.331382.pkl
298,00:03:59,239.46796679496765,1767597276.0342157,2.6228456497192383,-6.053343772888184,0.4399999976158142,0.0,0.0,0.9943071603775024,-0.10655169934034348,frame_1767597276.0342157.pkl
299,00:04:00,240.17181181907654,1767597276.7380607,2.538869857788086,-6.071157455444336,0.4399999976158142,0.0,0.0,0.9947817921638489,-0.10202549397945404,frame_1767597276.7380607.pkl
300,00:04:01,241.00494980812073,1767597277.5711987,2.538869857788086,-6.071157455444336,0.4399999976158142,0.0,0.0,0.9966686367988586,-0.0815572664141655,frame_1767597277.5711987.pkl
301,00:04:01,241.7917194366455,1767597278.3579683,2.538869857788086,-6.071157455444336,0.4399999976158142,0.0,0.0,0.9950519800186157,0.09935572743415833,frame_1767597278.3579683.pkl
302,00:04:02,242.64726161956787,1767597279.2135105,2.538869857788086,-6.071157455444336,0.4399999976158142,0.0,0.0,0.9650191068649292,0.26217955350875854,frame_1767597279.2135105.pkl
303,00:04:03,243.41657495498657,1767597279.9828238,2.514224052429199,-6.056593894958496,0.4399999976158142,0.0,0.0,0.9641233086585999,0.2654549479484558,frame_1767597279.9828238.pkl
304,00:04:04,244.2411961555481,1767597280.807445,2.3699169158935547,-5.966658592224121,0.4399999976158142,0.0,0.0,0.9585331082344055,0.28498122096061707,frame_1767597280.807445.pkl
305,00:04:04,244.96000170707703,1767597281.5262506,2.258943557739258,-5.89163875579834,0.4399999976158142,0.0,0.0,0.9533460140228271,0.30187979340553284,frame_1767597281.5262506.pkl
306,00:04:05,245.67256999015808,1767597282.238819,2.1984987258911133,-5.847855567932129,0.4399999976158142,0.0,0.0,0.9470316767692566,0.3211401700973511,frame_1767597282.238819.pkl
307,00:04:06,246.43251180648804,1767597282.9987607,2.1984987258911133,-5.847855567932129,0.4399999976158142,0.0,0.0,0.9154439568519592,0.402445524930954,frame_1767597282.9987607.pkl
308,00:04:07,247.1025686264038,1767597283.6688175,2.1984987258911133,-5.847855567932129,0.4399999976158142,0.0,0.0,0.8826707005500793,0.4699920117855072,frame_1767597283.6688175.pkl
309,00:04:07,247.85785341262817,1767597284.4241023,2.1841554641723633,-5.821471214294434,0.4399999976158142,0.0,0.0,0.8581297993659973,0.5134328007698059,frame_1767597284.4241023.pkl
310,00:04:08,248.64973258972168,1767597285.2159815,2.1170263290405273,-5.688432693481445,0.4399999976158142,0.0,0.0,0.8458636403083801,0.5333995223045349,frame_1767597285.2159815.pkl
311,00:04:09,249.5351161956787,1767597286.101365,2.0562543869018555,-5.559076309204102,0.4399999976158142,0.0,0.0,0.842409610748291,0.5388376712799072,frame_1767597286.101365.pkl
312,00:04:10,250.32467436790466,1767597286.8909233,2.0562543869018555,-5.559076309204102,0.4399999976158142,0.0,0.0,0.842409610748291,0.5388376712799072,frame_1767597286.8909233.pkl
313,00:04:11,251.04709672927856,1767597287.6133456,2.0562543869018555,-5.559076309204102,0.4399999976158142,0.0,0.0,0.837323009967804,0.5467086434364319,frame_1767597287.6133456.pkl
314,00:04:11,251.726815700531,1767597288.2930646,2.0562543869018555,-5.559076309204102,0.4399999976158142,0.0,0.0,0.8089556097984314,0.5878697633743286,frame_1767597288.2930646.pkl
315,00:04:12,252.50622010231018,1767597289.072469,2.052189826965332,-5.540448188781738,0.4399999976158142,0.0,0.0,0.7775129079818726,0.628866970539093,frame_1767597289.072469.pkl
316,00:04:13,253.33246898651123,1767597289.8987179,2.0194549560546875,-5.35344934463501,0.4399999976158142,0.0,0.0,0.7547723650932312,0.6559867858886719,frame_1767597289.8987179.pkl
317,00:04:14,254.02583813667297,1767597290.592087,2.0018234252929688,-5.216970443725586,0.4399999976158142,0.0,0.0,0.7475447654724121,0.6642114520072937,frame_1767597290.592087.pkl
318,00:04:14,254.7705249786377,1767597291.3367739,1.9916610717773438,-5.129389762878418,0.4399999976158142,0.0,0.0,0.727377712726593,0.6862372756004333,frame_1767597291.3367739.pkl
319,00:04:15,255.75382804870605,1767597292.320077,1.9916610717773438,-5.129389762878418,0.4399999976158142,0.0,0.0,0.5615869760513306,0.8274177312850952,frame_1767597292.320077.pkl
320,00:04:16,256.471777677536,1767597293.0380266,1.9916610717773438,-5.129389762878418,0.4399999976158142,0.0,0.0,0.42652708292007446,0.9044747948646545,frame_1767597293.0380266.pkl
321,00:04:17,257.17064452171326,1767597293.7368934,2.003331184387207,-5.118558883666992,0.4399999976158142,0.0,0.0,0.36383047699928284,0.931465208530426,frame_1767597293.7368934.pkl
322,00:04:18,258.01957726478577,1767597294.5858262,2.1027212142944336,-5.031481742858887,0.4399999976158142,0.0,0.0,0.3398805558681488,0.9404686093330383,frame_1767597294.5858262.pkl
323,00:04:18,258.8658516407013,1767597295.4321005,2.1114072799682617,-5.024281024932861,0.4399999976158142,0.0,0.0,0.33830222487449646,0.9410374760627747,frame_1767597295.4321005.pkl
324,00:04:19,259.5746397972107,1767597296.1408887,2.1892738342285156,-4.961882591247559,0.4399999976158142,0.0,0.0,0.3242543935775757,0.9459699392318726,frame_1767597296.1408887.pkl
325,00:04:20,260.46778202056885,1767597297.034031,2.2695999145507812,-4.9014058113098145,0.4399999976158142,0.0,0.0,0.3263290524482727,0.945256233215332,frame_1767597297.034031.pkl
326,00:04:21,261.2188103199005,1767597297.7850592,2.2695999145507812,-4.9014058113098145,0.4399999976158142,0.0,0.0,0.5289952158927917,0.8486248254776001,frame_1767597297.7850592.pkl
327,00:04:22,262.0325496196747,1767597298.5987985,2.2695999145507812,-4.9014058113098145,0.4399999976158142,0.0,0.0,0.6870450973510742,0.726614773273468,frame_1767597298.5987985.pkl
328,00:04:22,262.74989128112793,1767597299.3161402,2.2695999145507812,-4.9014058113098145,0.4399999976158142,0.0,0.0,0.8177057504653931,0.5756363272666931,frame_1767597299.3161402.pkl
329,00:04:23,263.5652508735657,1767597300.1314998,2.2695999145507812,-4.9014058113098145,0.4399999976158142,0.0,0.0,0.9157685041427612,0.4017064571380615,frame_1767597300.1314998.pkl
330,00:04:24,264.2926149368286,1767597300.8588638,2.2695999145507812,-4.9014058113098145,0.4399999976158142,0.0,0.0,0.9720302820205688,0.23485568165779114,frame_1767597300.8588638.pkl
331,00:04:25,265.06800627708435,1767597301.6342552,2.2695999145507812,-4.9014058113098145,0.4399999976158142,0.0,0.0,0.9970710277557373,0.07648128271102905,frame_1767597301.6342552.pkl
332,00:04:25,265.8729922771454,1767597302.4392412,2.2497634887695312,-4.901648044586182,0.4399999976158142,0.0,0.0,0.9999732375144958,-0.0073112365789711475,frame_1767597302.4392412.pkl
333,00:04:26,266.84750413894653,1767597303.413753,2.069406509399414,-4.907833099365234,0.4399999976158142,0.0,0.0,0.9996417164802551,-0.026765689253807068,frame_1767597303.413753.pkl
334,00:04:27,267.7032527923584,1767597304.2695017,1.8878278732299805,-4.913951873779297,0.4399999976158142,0.0,0.0,0.9999938011169434,-0.003523417981341481,frame_1767597304.2695017.pkl
335,00:04:28,268.4328248500824,1767597304.9990737,1.7736892700195312,-4.910243034362793,0.4399999976158142,0.0,0.0,0.9994348883628845,0.033614929765462875,frame_1767597304.9990737.pkl
336,00:04:29,269.24773955345154,1767597305.8139884,1.5914239883422852,-4.890079498291016,0.4399999976158142,0.0,0.0,0.9970237612724304,0.07709542661905289,frame_1767597305.8139884.pkl
337,00:04:29,269.94880175590515,1767597306.5150506,1.448868751525879,-4.862730026245117,0.4399999976158142,0.0,0.0,0.9934858083724976,0.1139562800526619,frame_1767597306.5150506.pkl
338,00:04:30,270.8724932670593,1767597307.4387422,1.3140316009521484,-4.824503421783447,0.4399999976158142,0.0,0.0,0.9882746338844299,0.15268690884113312,frame_1767597307.4387422.pkl
339,00:04:31,271.62345457077026,1767597308.1897035,1.1364116668701172,-4.767340660095215,0.4399999976158142,0.0,0.0,0.9878712296485901,0.15527521073818207,frame_1767597308.1897035.pkl
340,00:04:32,272.34150743484497,1767597308.9077563,1.0146141052246094,-4.729364395141602,0.4399999976158142,0.0,0.0,0.9894832968711853,0.1446472406387329,frame_1767597308.9077563.pkl
341,00:04:33,273.213849067688,1767597309.780098,0.9155731201171875,-4.702028274536133,0.4399999976158142,0.0,0.0,0.992333710193634,0.12358727306127548,frame_1767597309.780098.pkl
342,00:04:34,274.1157262325287,1767597310.6819751,0.9155731201171875,-4.702028274536133,0.4399999976158142,0.0,0.0,0.992333710193634,0.12358727306127548,frame_1767597310.6819751.pkl
343,00:04:34,274.9257879257202,1767597311.4920368,0.9155731201171875,-4.702028274536133,0.4399999976158142,0.0,0.0,0.9911651015281677,0.1326339691877365,frame_1767597311.4920368.pkl
344,00:04:35,275.6202244758606,1767597312.1864734,0.9155731201171875,-4.702028274536133,0.4399999976158142,0.0,0.0,0.978996217250824,0.20387858152389526,frame_1767597312.1864734.pkl
345,00:04:36,276.38834714889526,1767597312.954596,0.9020290374755859,-4.69395112991333,0.4399999976158142,0.0,0.0,0.9633972644805908,0.2680777907371521,frame_1767597312.954596.pkl
346,00:04:37,277.1388318538666,1767597313.7050807,0.7854709625244141,-4.617220878601074,0.4399999976158142,0.0,0.0,0.9527672529220581,0.3037014603614807,frame_1767597313.7050807.pkl
347,00:04:37,277.84841227531433,1767597314.4146612,0.6811456680297852,-4.541047096252441,0.4399999976158142,0.0,0.0,0.9488275647163391,0.31579452753067017,frame_1767597314.4146612.pkl
348,00:04:38,278.63061690330505,1767597315.1968658,0.5952634811401367,-4.476314067840576,0.4399999976158142,0.0,0.0,0.9474467039108276,0.3199135363101959,frame_1767597315.1968658.pkl
349,00:04:39,279.59230947494507,1767597316.1585584,0.4294166564941406,-4.345853805541992,0.4399999976158142,0.0,0.0,0.9421277642250061,0.3352539539337158,frame_1767597316.1585584.pkl
350,00:04:40,280.4144322872162,1767597316.9806812,0.32947254180908203,-4.26163387298584,0.4399999976158142,0.0,0.0,0.936391294002533,0.3509577810764313,frame_1767597316.9806812.pkl
351,00:04:41,281.0895998477936,1767597317.6558487,0.24795055389404297,-4.1880340576171875,0.4399999976158142,0.0,0.0,0.9304425120353699,0.36643803119659424,frame_1767597317.6558487.pkl
352,00:04:42,282.0027620792389,1767597318.569011,0.107421875,-4.052436828613281,0.4399999976158142,0.0,0.0,0.9239534139633179,0.3825051784515381,frame_1767597318.569011.pkl
353,00:04:42,282.9359221458435,1767597319.502171,-0.011417388916015625,-3.930330276489258,0.4399999976158142,0.0,0.0,0.9181446433067322,0.39624544978141785,frame_1767597319.502171.pkl
354,00:04:43,283.712354183197,1767597320.278603,-0.07403373718261719,-3.861419677734375,0.4399999976158142,0.0,0.0,0.9106119871139526,0.41326239705085754,frame_1767597320.278603.pkl
355,00:04:44,284.40819478034973,1767597320.9744437,-0.07403373718261719,-3.861419677734375,0.4399999976158142,0.0,0.0,0.9076840281486511,0.4196542799472809,frame_1767597320.9744437.pkl
356,00:04:45,285.1607093811035,1767597321.7269583,-0.07403373718261719,-3.861419677734375,0.4399999976158142,0.0,0.0,0.8712121248245239,0.4909067451953888,frame_1767597321.7269583.pkl
357,00:04:45,285.82598519325256,1767597322.392234,-0.08272647857666016,-3.8421168327331543,0.4399999976158142,0.0,0.0,0.83812016248703,0.5454858541488647,frame_1767597322.392234.pkl
358,00:04:46,286.527277469635,1767597323.0935264,-0.14397239685058594,-3.6857075691223145,0.4399999976158142,0.0,0.0,0.8154861927032471,0.5787764191627502,frame_1767597323.0935264.pkl
359,00:04:47,287.3058273792267,1767597323.8720763,-0.19223594665527344,-3.538548469543457,0.4399999976158142,0.0,0.0,0.8043076992034912,0.5942131280899048,frame_1767597323.8720763.pkl
360,00:04:48,288.0975465774536,1767597324.6637955,-0.2204122543334961,-3.4439659118652344,0.4399999976158142,0.0,0.0,0.7990304827690125,0.6012905240058899,frame_1767597324.6637955.pkl
361,00:04:48,288.9243061542511,1767597325.490555,-0.2204122543334961,-3.4439659118652344,0.4399999976158142,0.0,0.0,0.7990304827690125,0.6012905240058899,frame_1767597325.490555.pkl
362,00:04:49,289.82626032829285,1767597326.3925092,-0.22482776641845703,-3.428361415863037,0.4399999976158142,0.0,0.0,0.795831024646759,0.605518639087677,frame_1767597326.3925092.pkl
363,00:04:50,290.6758213043213,1767597327.2420702,-0.2569999694824219,-3.2864112854003906,0.4399999976158142,0.0,0.0,0.7660650610923767,0.642763078212738,frame_1767597327.2420702.pkl
364,00:04:51,291.5386583805084,1767597328.1049073,-0.2742910385131836,-3.154788017272949,0.4399999976158142,0.0,0.0,0.7367004752159119,0.6762192249298096,frame_1767597328.1049073.pkl
365,00:04:52,292.27851390838623,1767597328.8447628,-0.2755403518676758,-3.1396327018737793,0.4399999976158142,0.0,0.0,0.7342357635498047,0.6788946390151978,frame_1767597328.8447628.pkl
366,00:04:53,293.0998456478119,1767597329.6660945,-0.28180503845214844,-3.003787040710449,0.4399999976158142,0.0,0.0,0.7116657495498657,0.7025182247161865,frame_1767597329.6660945.pkl
367,00:04:53,293.85269117355347,1767597330.41894,-0.2805900573730469,-2.9013023376464844,0.4399999976158142,0.0,0.0,0.6778351664543152,0.7352139353752136,frame_1767597330.41894.pkl
368,00:04:54,294.63172674179077,1767597331.1979756,-0.2805900573730469,-2.9013023376464844,0.4399999976158142,0.0,0.0,0.5503365993499756,0.8349428772926331,frame_1767597331.1979756.pkl
369,00:04:55,295.4426989555359,1767597332.0089478,-0.2805900573730469,-2.9013023376464844,0.4399999976158142,0.0,0.0,0.5503365993499756,0.8349428772926331,frame_1767597332.0089478.pkl
370,00:04:56,296.19148564338684,1767597332.7577345,-0.2805900573730469,-2.9013023376464844,0.4399999976158142,0.0,0.0,0.5205866694450378,0.8538088202476501,frame_1767597332.7577345.pkl
371,00:04:56,296.9720277786255,1767597333.5382767,-0.2805900573730469,-2.9013023376464844,0.4399999976158142,0.0,0.0,0.3897917568683624,0.9209030270576477,frame_1767597333.5382767.pkl
372,00:04:57,297.7341206073761,1767597334.3003695,-0.2805900573730469,-2.9013023376464844,0.4399999976158142,0.0,0.0,0.3897917568683624,0.9209030270576477,frame_1767597334.3003695.pkl
373,00:04:58,298.5235369205475,1767597335.0897858,-0.2805900573730469,-2.9013023376464844,0.4399999976158142,0.0,0.0,0.3822983205318451,0.9240389466285706,frame_1767597335.0897858.pkl
374,00:04:59,299.2248694896698,1767597335.7911184,-0.2805900573730469,-2.9013023376464844,0.4399999976158142,0.0,0.0,0.29537665843963623,0.9553808569908142,frame_1767597335.7911184.pkl
375,00:04:59,299.9912474155426,1767597336.5574963,-0.2805900573730469,-2.9013023376464844,0.4399999976158142,0.0,0.0,0.21746644377708435,0.9760677814483643,frame_1767597336.5574963.pkl
376,00:05:01,301.23730731010437,1767597337.8035562,-0.2805900573730469,-2.9013023376464844,0.4399999976158142,0.0,0.0,0.20769506692886353,0.9781936407089233,frame_1767597337.8035562.pkl
377,00:05:02,302.0397400856018,1767597338.605989,-0.2805900573730469,-2.9013023376464844,0.4399999976158142,0.0,0.0,-0.0158447977155447,0.999874472618103,frame_1767597338.605989.pkl
378,00:05:02,302.783531665802,1767597339.3497806,-0.2805900573730469,-2.9013023376464844,0.4399999976158142,0.0,0.0,-0.21416480839252472,0.9767975211143494,frame_1767597339.3497806.pkl
379,00:05:03,303.5676529407501,1767597340.1339018,-0.2805900573730469,-2.9013023376464844,0.4399999976158142,0.0,0.0,-0.39937615394592285,0.9167871475219727,frame_1767597340.1339018.pkl
380,00:05:04,304.6636874675751,1767597341.2299364,-0.2805900573730469,-2.9013023376464844,0.4399999976158142,0.0,0.0,-0.41347575187683105,0.9105151295661926,frame_1767597341.2299364.pkl
381,00:05:05,305.42917370796204,1767597341.9954226,-0.2805900573730469,-2.9013023376464844,0.4399999976158142,0.0,0.0,-0.5238564014434814,0.8518065810203552,frame_1767597341.9954226.pkl
382,00:05:06,306.25939774513245,1767597342.8256466,-0.2805900573730469,-2.9013023376464844,0.4399999976158142,0.0,0.0,-0.6047687530517578,0.7964011430740356,frame_1767597342.8256466.pkl
383,00:05:07,307.3259873390198,1767597343.8922362,-0.2762765884399414,-2.9168901443481445,0.4399999976158142,0.0,0.0,-0.6064372062683105,0.7951313853263855,frame_1767597343.8922362.pkl
384,00:05:08,308.1807351112366,1767597344.746984,-0.2406463623046875,-3.056955337524414,0.4399999976158142,0.0,0.0,-0.6212998628616333,0.7835729122161865,frame_1767597344.746984.pkl
385,00:05:08,308.92364501953125,1767597345.489894,-0.21370506286621094,-3.1808762550354004,0.4399999976158142,0.0,0.0,-0.6316220164299011,0.7752764821052551,frame_1767597345.489894.pkl
386,00:05:09,309.79904985427856,1767597346.3652987,-0.1623544692993164,-3.4294047355651855,0.4399999976158142,0.0,0.0,-0.630638062953949,0.7760770916938782,frame_1767597346.3652987.pkl
387,00:05:10,310.7438106536865,1767597347.3100595,-0.11832809448242188,-3.632751941680908,0.4399999976158142,0.0,0.0,-0.6240247488021851,0.7814045548439026,frame_1767597347.3100595.pkl
388,00:05:11,311.5920603275299,1767597348.1583092,-0.08910751342773438,-3.7547945976257324,0.4399999976158142,0.0,0.0,-0.6148212552070618,0.7886664867401123,frame_1767597348.1583092.pkl
389,00:05:12,312.5089819431305,1767597349.0752308,-0.033171653747558594,-3.9631872177124023,0.4399999976158142,0.0,0.0,-0.6020699143409729,0.7984433770179749,frame_1767597349.0752308.pkl
390,00:05:13,313.50020003318787,1767597350.066449,0.012539863586425781,-4.115647315979004,0.4399999976158142,0.0,0.0,-0.5899713039398193,0.8074241876602173,frame_1767597350.066449.pkl
391,00:05:14,314.26928424835205,1767597350.8355331,0.012539863586425781,-4.115647315979004,0.4399999976158142,0.0,0.0,-0.5285180807113647,0.848922073841095,frame_1767597350.8355331.pkl
392,00:05:15,315.05639123916626,1767597351.6226401,0.02303314208984375,-4.131415843963623,0.4399999976158142,0.0,0.0,-0.46966928243637085,0.8828424215316772,frame_1767597351.6226401.pkl
393,00:05:15,315.96642661094666,1767597352.5326755,0.12301158905029297,-4.2661027908325195,0.4399999976158142,0.0,0.0,-0.4312385022640228,0.9022380113601685,frame_1767597352.5326755.pkl
394,00:05:16,316.8641152381897,1767597353.4303641,0.23851394653320312,-4.403827667236328,0.4399999976158142,0.0,0.0,-0.41469627618789673,0.9099599123001099,frame_1767597353.4303641.pkl
395,00:05:17,317.6268708705902,1767597354.1931198,0.3173561096191406,-4.494213104248047,0.4399999976158142,0.0,0.0,-0.41357919573783875,0.9104681611061096,frame_1767597354.1931198.pkl
396,00:05:18,318.6232454776764,1767597355.1894944,0.45227622985839844,-4.649136543273926,0.4399999976158142,0.0,0.0,-0.41507482528686523,0.9097872972488403,frame_1767597355.1894944.pkl
397,00:05:19,319.45799565315247,1767597356.0242445,0.5376148223876953,-4.747904300689697,0.4399999976158142,0.0,0.0,-0.4170668125152588,0.9088758230209351,frame_1767597356.0242445.pkl
398,00:05:20,320.32938623428345,1767597356.8956351,0.7029008865356445,-4.924741268157959,0.4399999976158142,0.0,0.0,-0.3760727047920227,0.9265901446342468,frame_1767597356.8956351.pkl
399,00:05:21,321.07358837127686,1767597357.6398373,0.7987518310546875,-5.011635780334473,0.4399999976158142,0.0,0.0,-0.3393525779247284,0.94065922498703,frame_1767597357.6398373.pkl
400,00:05:21,321.8366527557373,1767597358.4029016,0.8297967910766602,-5.032181262969971,0.4399999976158142,0.0,0.0,-0.2844732403755188,0.9586840271949768,frame_1767597358.4029016.pkl
401,00:05:22,322.6179826259613,1767597359.1842315,0.9880752563476562,-5.127398490905762,0.4399999976158142,0.0,0.0,-0.2521572709083557,0.9676862955093384,frame_1767597359.1842315.pkl
402,00:05:23,323.5112009048462,1767597360.0774498,1.1552543640136719,-5.2175774574279785,0.4399999976158142,0.0,0.0,-0.2379496544599533,0.9712775349617004,frame_1767597360.0774498.pkl
403,00:05:24,324.30814123153687,1767597360.8743901,1.2691526412963867,-5.276386260986328,0.4399999976158142,0.0,0.0,-0.23607301712036133,0.9717352986335754,frame_1767597360.8743901.pkl
404,00:05:25,325.0165467262268,1767597361.5827956,1.4361572265625,-5.365604877471924,0.4399999976158142,0.0,0.0,-0.2508465647697449,0.9680268168449402,frame_1767597361.5827956.pkl
405,00:05:25,325.7944610118866,1767597362.36071,1.5541152954101562,-5.4336652755737305,0.4399999976158142,0.0,0.0,-0.2669833302497864,0.9637011289596558,frame_1767597362.36071.pkl
406,00:05:26,326.58979177474976,1767597363.1560407,1.6584901809692383,-5.500095367431641,0.4399999976158142,0.0,0.0,-0.29002413153648376,0.9570193290710449,frame_1767597363.1560407.pkl
407,00:05:27,327.40402245521545,1767597363.9702713,1.8315467834472656,-5.619609832763672,0.4399999976158142,0.0,0.0,-0.3046730160713196,0.9524570107460022,frame_1767597363.9702713.pkl
408,00:05:28,328.16453981399536,1767597364.7307887,1.939056396484375,-5.697258949279785,0.4399999976158142,0.0,0.0,-0.3107662498950958,0.9504863619804382,frame_1767597364.7307887.pkl
409,00:05:29,329.00536823272705,1767597365.5716171,2.0269079208374023,-5.762263774871826,0.4399999976158142,0.0,0.0,-0.31496554613113403,0.9491031169891357,frame_1767597365.5716171.pkl
410,00:05:29,329.7444806098938,1767597366.3107295,2.1735143661499023,-5.870383262634277,0.4399999976158142,0.0,0.0,-0.3093130886554718,0.9509602785110474,frame_1767597366.3107295.pkl
411,00:05:30,330.59396171569824,1767597367.1602106,2.308547019958496,-5.966697692871094,0.4399999976158142,0.0,0.0,-0.2997468113899231,0.954018771648407,frame_1767597367.1602106.pkl
412,00:05:31,331.49844098091125,1767597368.0646899,2.393355369567871,-6.024473190307617,0.4399999976158142,0.0,0.0,-0.271756649017334,0.962365984916687,frame_1767597368.0646899.pkl
413,00:05:32,332.2785634994507,1767597368.8448124,2.393355369567871,-6.024473190307617,0.4399999976158142,0.0,0.0,-0.1811579167842865,0.9834539890289307,frame_1767597368.8448124.pkl
414,00:05:33,333.09515380859375,1767597369.6614027,2.393355369567871,-6.024473190307617,0.4399999976158142,0.0,0.0,-0.07545450329780579,0.9971492290496826,frame_1767597369.6614027.pkl
415,00:05:34,334.0642297267914,1767597370.6304786,2.40535831451416,-6.024545669555664,0.4399999976158142,0.0,0.0,-0.0020522172562777996,0.9999979138374329,frame_1767597370.6304786.pkl
416,00:05:34,334.90111565589905,1767597371.4673645,2.559218406677246,-6.021883487701416,0.4399999976158142,0.0,0.0,0.016009638085961342,0.9998718500137329,frame_1767597371.4673645.pkl
417,00:05:35,335.79530787467957,1767597372.3615568,2.7189741134643555,-6.018716335296631,0.4399999976158142,0.0,0.0,0.006442171521484852,0.9999792575836182,frame_1767597372.3615568.pkl
418,00:05:36,336.7668375968933,1767597373.3330865,2.995360851287842,-6.0105743408203125,0.4399999976158142,0.0,0.0,0.024952756240963936,0.9996886253356934,frame_1767597373.3330865.pkl
419,00:05:37,337.5617690086365,1767597374.128018,3.1652755737304688,-5.99862003326416,0.4399999976158142,0.0,0.0,0.04762495309114456,0.9988653063774109,frame_1767597374.128018.pkl
420,00:05:38,338.34093832969666,1767597374.9071872,3.272017478942871,-5.984989643096924,0.4399999976158142,0.0,0.0,0.07742788642644882,0.9969979524612427,frame_1767597374.9071872.pkl
421,00:05:39,339.11693477630615,1767597375.6831837,3.4565000534057617,-5.950521469116211,0.4399999976158142,0.0,0.0,0.10718169808387756,0.9942394495010376,frame_1767597375.6831837.pkl
422,00:05:39,339.9076588153839,1767597376.4739077,3.605210781097412,-5.914561748504639,0.4399999976158142,0.0,0.0,0.13040560483932495,0.9914607405662537,frame_1767597376.4739077.pkl
423,00:05:40,340.7452597618103,1767597377.3115087,3.7353615760803223,-5.876145839691162,0.4399999976158142,0.0,0.0,0.15020693838596344,0.9886545538902283,frame_1767597377.3115087.pkl
424,00:05:41,341.7545518875122,1767597378.3208008,3.953146457672119,-5.808059215545654,0.4399999976158142,0.0,0.0,0.15165621042251587,0.988433301448822,frame_1767597378.3208008.pkl
425,00:05:42,342.5808081626892,1767597379.147057,4.133923053741455,-5.75299072265625,0.4399999976158142,0.0,0.0,0.1414739489555359,0.9899419546127319,frame_1767597379.147057.pkl
426,00:05:43,343.3580243587494,1767597379.9242733,4.2326531410217285,-5.725828170776367,0.4399999976158142,0.0,0.0,0.12712045013904572,0.9918872714042664,frame_1767597379.9242733.pkl
427,00:05:44,344.11155462265015,1767597380.6778035,4.40194034576416,-5.684536457061768,0.4399999976158142,0.0,0.0,0.11137273162603378,0.9937787055969238,frame_1767597380.6778035.pkl
428,00:05:44,344.8430166244507,1767597381.4092655,4.52456521987915,-5.658125400543213,0.4399999976158142,0.0,0.0,0.09992668777704239,0.9949948191642761,frame_1767597381.4092655.pkl
429,00:05:45,345.5952081680298,1767597382.161457,4.627641677856445,-5.638612747192383,0.4399999976158142,0.0,0.0,0.0885486826300621,0.9960718750953674,frame_1767597382.161457.pkl
430,00:05:46,346.4933626651764,1767597383.0596116,4.870456695556641,-5.595498085021973,0.4399999976158142,0.0,0.0,0.08760527521371841,0.9961552619934082,frame_1767597383.0596116.pkl
431,00:05:47,347.2254400253296,1767597383.791689,5.0067644119262695,-5.570940971374512,0.4399999976158142,0.0,0.0,0.09103409945964813,0.995847761631012,frame_1767597383.791689.pkl
432,00:05:48,348.0367810726166,1767597384.60303,5.118504524230957,-5.549467086791992,0.4399999976158142,0.0,0.0,0.0979478657245636,0.9951915740966797,frame_1767597384.60303.pkl
433,00:05:48,348.85169219970703,1767597385.417941,5.309762477874756,-5.509868621826172,0.4399999976158142,0.0,0.0,0.1059533879160881,0.9943711161613464,frame_1767597385.417941.pkl
434,00:05:49,349.80295729637146,1767597386.3692062,5.5035176277160645,-5.466455936431885,0.4399999976158142,0.0,0.0,0.11410071700811386,0.9934691786766052,frame_1767597386.3692062.pkl
435,00:05:50,350.5311942100525,1767597387.097443,5.533370018005371,-5.459306716918945,0.4399999976158142,0.0,0.0,0.1208525225520134,0.992670476436615,frame_1767597387.097443.pkl
436,00:05:51,351.3621141910553,1767597387.928363,5.6799397468566895,-5.417853355407715,0.4399999976158142,0.0,0.0,0.1544371396303177,0.9880026578903198,frame_1767597387.928363.pkl
437,00:05:52,352.23844957351685,1767597388.8046985,5.82427978515625,-5.365922927856445,0.4399999976158142,0.0,0.0,0.19112582504749298,0.981565535068512,frame_1767597388.8046985.pkl
438,00:05:53,353.04167771339417,1767597389.6079266,5.9189372062683105,-5.323941230773926,0.4399999976158142,0.0,0.0,0.22246088087558746,0.974941611289978,frame_1767597389.6079266.pkl
439,00:05:53,353.84065985679626,1767597390.4069088,6.042161464691162,-5.259861946105957,0.4399999976158142,0.0,0.0,0.25292468070983887,0.9674859642982483,frame_1767597390.4069088.pkl
440,00:05:54,354.6511390209198,1767597391.217388,6.145266056060791,-5.198210716247559,0.4399999976158142,0.0,0.0,0.27724942564964294,0.9607979655265808,frame_1767597391.217388.pkl
441,00:05:55,355.53632497787476,1767597392.1025739,6.361952781677246,-5.0562744140625,0.4399999976158142,0.0,0.0,0.2937823235988617,0.9558723568916321,frame_1767597392.1025739.pkl
442,00:05:56,356.3359818458557,1767597392.9022307,6.499757766723633,-4.961418151855469,0.4399999976158142,0.0,0.0,0.29992353916168213,0.9539632201194763,frame_1767597392.9022307.pkl
443,00:05:57,357.0650990009308,1767597393.631348,6.577569007873535,-4.906847953796387,0.4399999976158142,0.0,0.0,0.30138519406318665,0.9535024762153625,frame_1767597393.631348.pkl
444,00:05:57,357.8585317134857,1767597394.4247806,6.719794273376465,-4.808221817016602,0.4399999976158142,0.0,0.0,0.2956029176712036,0.9553108811378479,frame_1767597394.4247806.pkl
445,00:05:58,358.65575432777405,1767597395.2220032,6.730923652648926,-4.800616264343262,0.4399999976158142,0.0,0.0,0.2948746979236603,0.955535888671875,frame_1767597395.2220032.pkl
446,00:05:59,359.4213709831238,1767597395.9876199,6.842429161071777,-4.725771903991699,0.4399999976158142,0.0,0.0,0.28759318590164185,0.9577527046203613,frame_1767597395.9876199.pkl
447,00:06:00,360.25995683670044,1767597396.8262057,6.958662509918213,-4.6503705978393555,0.4399999976158142,0.0,0.0,0.27952414751052856,0.9601386785507202,frame_1767597396.8262057.pkl
448,00:06:01,361.62709879875183,1767597398.1933477,7.077836990356445,-4.576393127441406,0.4399999976158142,0.0,0.0,0.30710604786872864,0.951675295829773,frame_1767597398.1933477.pkl
449,00:06:02,362.417578458786,1767597398.9838274,7.077836990356445,-4.576393127441406,0.4399999976158142,0.0,0.0,0.4703165888786316,0.8824977278709412,frame_1767597398.9838274.pkl
450,00:06:03,363.44624733924866,1767597400.0124962,7.077836990356445,-4.576393127441406,0.4399999976158142,0.0,0.0,0.47692209482192993,0.878945529460907,frame_1767597400.0124962.pkl
451,00:06:04,364.173068523407,1767597400.7393174,7.077836990356445,-4.576393127441406,0.4399999976158142,0.0,0.0,0.642033576965332,0.7666764855384827,frame_1767597400.7393174.pkl
452,00:06:05,365.0504951477051,1767597401.616744,7.077836990356445,-4.576393127441406,0.4399999976158142,0.0,0.0,0.7969006299972534,0.6041104197502136,frame_1767597401.616744.pkl
453,00:06:05,365.89227747917175,1767597402.4585264,7.077836990356445,-4.576393127441406,0.4399999976158142,0.0,0.0,0.8944272994995117,0.44721338152885437,frame_1767597402.4585264.pkl
454,00:06:06,366.9885628223419,1767597403.5548117,7.077836990356445,-4.576393127441406,0.4399999976158142,0.0,0.0,0.9105652570724487,0.41336533427238464,frame_1767597403.5548117.pkl
455,00:06:07,367.79415011405945,1767597404.360399,7.077836990356445,-4.576393127441406,0.4399999976158142,0.0,0.0,0.9745386242866516,0.2242196947336197,frame_1767597404.360399.pkl
456,00:06:08,368.7559576034546,1767597405.3222065,7.077836990356445,-4.576393127441406,0.4399999976158142,0.0,0.0,0.9997163414955139,-0.023816559463739395,frame_1767597405.3222065.pkl
457,00:06:09,369.6034643650055,1767597406.1697133,7.077836990356445,-4.576393127441406,0.4399999976158142,0.0,0.0,0.9728454351425171,-0.2314556986093521,frame_1767597406.1697133.pkl
458,00:06:10,370.57610964775085,1767597407.1423585,7.063042640686035,-4.583888053894043,0.4399999976158142,0.0,0.0,0.9723840951919556,-0.23338638246059418,frame_1767597407.1423585.pkl
459,00:06:11,371.3634543418884,1767597407.9297032,6.946325302124023,-4.645654678344727,0.4399999976158142,0.0,0.0,0.9685612320899963,-0.24877527356147766,frame_1767597407.9297032.pkl
460,00:06:12,372.36244106292725,1767597408.92869,6.803002834320068,-4.728265762329102,0.4399999976158142,0.0,0.0,0.9635584354400635,-0.26749804615974426,frame_1767597408.92869.pkl
461,00:06:13,373.19870042800903,1767597409.7649493,6.616342067718506,-4.843569278717041,0.4399999976158142,0.0,0.0,0.9603619575500488,-0.2787560224533081,frame_1767597409.7649493.pkl
462,00:06:13,373.9963049888611,1767597410.562554,6.4497504234313965,-4.950939178466797,0.4399999976158142,0.0,0.0,0.9581983685493469,-0.2861047685146332,frame_1767597410.562554.pkl
463,00:06:14,374.807612657547,1767597411.3738616,6.356147766113281,-5.012918472290039,0.4399999976158142,0.0,0.0,0.9571239948272705,-0.28967854380607605,frame_1767597411.3738616.pkl
464,00:06:15,375.5274419784546,1767597412.0936909,6.211885452270508,-5.108482360839844,0.4399999976158142,0.0,0.0,0.958019495010376,-0.2867031693458557,frame_1767597412.0936909.pkl
465,00:06:16,376.30814003944397,1767597412.874389,6.0966105461120605,-5.183462619781494,0.4399999976158142,0.0,0.0,0.9595272541046143,-0.2816157639026642,frame_1767597412.874389.pkl
466,00:06:17,377.00395226478577,1767597413.5702012,6.021815776824951,-5.230870246887207,0.4399999976158142,0.0,0.0,0.9610759019851685,-0.27628445625305176,frame_1767597413.5702012.pkl
467,00:06:17,377.74677419662476,1767597414.313023,5.868779182434082,-5.325733184814453,0.4399999976158142,0.0,0.0,0.9624249935150146,-0.27154767513275146,frame_1767597414.313023.pkl
468,00:06:18,378.49190735816956,1767597415.0581563,5.743757724761963,-5.401821136474609,0.4399999976158142,0.0,0.0,0.9633506536483765,-0.26824530959129333,frame_1767597415.0581563.pkl
469,00:06:19,379.17990040779114,1767597415.7461493,5.677876949310303,-5.441400527954102,0.4399999976158142,0.0,0.0,0.9661073684692383,-0.2581404745578766,frame_1767597415.7461493.pkl
470,00:06:19,379.98251962661743,1767597416.5487685,5.677876949310303,-5.441400527954102,0.4399999976158142,0.0,0.0,0.9828974604606628,-0.18415382504463196,frame_1767597416.5487685.pkl
471,00:06:20,380.72044038772583,1767597417.2866893,5.666405200958252,-5.444340705871582,0.4399999976158142,0.0,0.0,0.9924531579017639,-0.12262441217899323,frame_1767597417.2866893.pkl
472,00:06:21,381.46457386016846,1767597418.0308228,5.550780773162842,-5.468074321746826,0.4399999976158142,0.0,0.0,0.9967153072357178,-0.0809846892952919,frame_1767597418.0308228.pkl
473,00:06:22,382.1689555644989,1767597418.7352045,5.430781364440918,-5.485164165496826,0.4399999976158142,0.0,0.0,0.9981425404548645,-0.06092273071408272,frame_1767597418.7352045.pkl
474,00:06:22,382.85005593299866,1767597419.4163048,5.290804862976074,-5.4998369216918945,0.4399999976158142,0.0,0.0,0.9990715384483337,-0.0430823378264904,frame_1767597419.4163048.pkl
475,00:06:23,383.8184151649475,1767597420.384664,5.155350208282471,-5.509066581726074,0.4399999976158142,0.0,0.0,0.9997963309288025,-0.020183933898806572,frame_1767597420.384664.pkl
476,00:06:24,384.51288509368896,1767597421.079134,5.155350208282471,-5.509066581726074,0.4399999976158142,0.0,0.0,0.9981268644332886,0.0611787885427475,frame_1767597421.079134.pkl
477,00:06:25,385.23228669166565,1767597421.7985356,5.155350208282471,-5.509066581726074,0.4399999976158142,0.0,0.0,0.9727481603622437,0.2318643182516098,frame_1767597421.7985356.pkl
478,00:06:26,386.07236981391907,1767597422.6386187,5.155350208282471,-5.509066581726074,0.4399999976158142,0.0,0.0,0.9123843312263489,0.409334659576416,frame_1767597422.6386187.pkl
479,00:06:26,386.86934328079224,1767597423.4355922,5.144869804382324,-5.491469383239746,0.4399999976158142,0.0,0.0,0.8684564232826233,0.4957655966281891,frame_1767597423.4355922.pkl
480,00:06:27,387.62960410118103,1767597424.195853,5.057323932647705,-5.332746505737305,0.4399999976158142,0.0,0.0,0.8555513024330139,0.5177182555198669,frame_1767597424.195853.pkl
481,00:06:28,388.4760911464691,1767597425.04234,4.976309299468994,-5.181188106536865,0.4399999976158142,0.0,0.0,0.8606691956520081,0.509164571762085,frame_1767597425.04234.pkl
482,00:06:29,389.2262239456177,1767597425.7924728,4.908770561218262,-5.0656561851501465,0.4399999976158142,0.0,0.0,0.8712860345840454,0.49077558517456055,frame_1767597425.7924728.pkl
483,00:06:30,390.0320460796356,1767597426.598295,4.81942081451416,-4.911686897277832,0.4399999976158142,0.0,0.0,0.8606195449829102,0.5092484951019287,frame_1767597426.598295.pkl
484,00:06:30,390.8969440460205,1767597427.463193,4.750524044036865,-4.773370742797852,0.4399999976158142,0.0,0.0,0.8389486074447632,0.5442101955413818,frame_1767597427.463193.pkl
485,00:06:31,391.71387934684753,1767597428.2801282,4.68095588684082,-4.590771675109863,0.4399999976158142,0.0,0.0,0.8057608008384705,0.592241108417511,frame_1767597428.2801282.pkl
486,00:06:32,392.51489782333374,1767597429.0811467,4.645108699798584,-4.450749397277832,0.4399999976158142,0.0,0.0,0.7751106023788452,0.6318255662918091,frame_1767597429.0811467.pkl
487,00:06:33,393.3540132045746,1767597429.920262,4.608307361602783,-4.213327884674072,0.4399999976158142,0.0,0.0,0.7429323196411133,0.6693665385246277,frame_1767597429.920262.pkl
488,00:06:34,394.2217216491699,1767597430.7879705,4.595378875732422,-4.023123741149902,0.4399999976158142,0.0,0.0,0.7172353863716125,0.6968310475349426,frame_1767597430.7879705.pkl
489,00:06:35,395.0005030632019,1767597431.566752,4.596280097961426,-3.890286445617676,0.4399999976158142,0.0,0.0,0.6972010731697083,0.7168756723403931,frame_1767597431.566752.pkl
490,00:06:35,395.96003222465515,1767597432.526281,4.601810455322266,-3.6846160888671875,0.4399999976158142,0.0,0.0,0.6985872387886047,0.7155249118804932,frame_1767597432.526281.pkl
491,00:06:36,396.7119126319885,1767597433.2781615,4.60321569442749,-3.5344061851501465,0.4399999976158142,0.0,0.0,0.709255039691925,0.7049520015716553,frame_1767597433.2781615.pkl
492,00:06:37,397.69635915756226,1767597434.262608,4.593822956085205,-3.2748608589172363,0.4399999976158142,0.0,0.0,0.7308159470558167,0.6825746297836304,frame_1767597434.262608.pkl
493,00:06:38,398.6519284248352,1767597435.2181773,4.571994781494141,-3.0553183555603027,0.4399999976158142,0.0,0.0,0.7524730563163757,0.6586230993270874,frame_1767597435.2181773.pkl
494,00:06:39,399.4810826778412,1767597436.0473316,4.5518269538879395,-2.934223175048828,0.4399999976158142,0.0,0.0,0.7708595991134644,0.6370051503181458,frame_1767597436.0473316.pkl
495,00:06:40,400.1969783306122,1767597436.7632272,4.519163131713867,-2.7698707580566406,0.4399999976158142,0.0,0.0,0.7742334008216858,0.6329002380371094,frame_1767597436.7632272.pkl
496,00:06:41,401.0880615711212,1767597437.6543105,4.486164569854736,-2.6026859283447266,0.4399999976158142,0.0,0.0,0.7700531482696533,0.6379797458648682,frame_1767597437.6543105.pkl
497,00:06:41,401.8500051498413,1767597438.416254,4.452518939971924,-2.4117331504821777,0.4399999976158142,0.0,0.0,0.7616177797317505,0.6480265259742737,frame_1767597438.416254.pkl
498,00:06:42,402.64201378822327,1767597439.2082627,4.426030158996582,-2.2284560203552246,0.4399999976158142,0.0,0.0,0.7493937015533447,0.6621246933937073,frame_1767597439.2082627.pkl
499,00:06:43,403.42649602890015,1767597439.992745,4.415059566497803,-2.1272788047790527,0.4399999976158142,0.0,0.0,0.7388976216316223,0.6738176345825195,frame_1767597439.992745.pkl
500,00:06:44,404.2845811843872,1767597440.85083,4.402436256408691,-1.9169073104858398,0.4399999976158142,0.0,0.0,0.716172993183136,0.6979228258132935,frame_1767597440.85083.pkl
501,00:06:45,405.23185563087463,1767597441.7981045,4.402080059051514,-1.7870984077453613,0.4399999976158142,0.0,0.0,0.6961541771888733,0.7178922891616821,frame_1767597441.7981045.pkl
502,00:06:45,405.95266795158386,1767597442.5189168,4.402080059051514,-1.7870984077453613,0.4399999976158142,0.0,0.0,0.6341042518615723,0.7732475996017456,frame_1767597442.5189168.pkl
503,00:06:46,406.76720356941223,1767597443.3334525,4.4028167724609375,-1.7850961685180664,0.4399999976158142,0.0,0.0,0.5716310143470764,0.8205108046531677,frame_1767597443.3334525.pkl
504,00:06:47,407.5027103424072,1767597444.0689592,4.474557399749756,-1.6186742782592773,0.4399999976158142,0.0,0.0,0.528232991695404,0.8490994572639465,frame_1767597444.0689592.pkl
505,00:06:48,408.3050503730774,1767597444.8712993,4.559525966644287,-1.45489501953125,0.4399999976158142,0.0,0.0,0.511282205581665,0.8594128489494324,frame_1767597444.8712993.pkl
506,00:06:49,409.1087052822113,1767597445.6749542,4.612957000732422,-1.3571243286132812,0.4399999976158142,0.0,0.0,0.5189656615257263,0.8547950983047485,frame_1767597445.6749542.pkl
507,00:06:49,409.9506423473358,1767597446.5168912,4.612957000732422,-1.3571243286132812,0.4399999976158142,0.0,0.0,0.588383674621582,0.8085818886756897,frame_1767597446.5168912.pkl
508,00:06:50,410.67059421539307,1767597447.236843,4.618264198303223,-1.326169490814209,0.4399999976158142,0.0,0.0,0.6483591794967651,0.7613345980644226,frame_1767597447.236843.pkl
509,00:06:51,411.46061301231384,1767597448.026862,4.636867523193359,-1.1612935066223145,0.4399999976158142,0.0,0.0,0.6815808415412903,0.7317428588867188,frame_1767597448.026862.pkl
510,00:06:52,412.29673051834106,1767597448.8629794,4.645290851593018,-0.9935450553894043,0.4399999976158142,0.0,0.0,0.6959570646286011,0.718083381652832,frame_1767597448.8629794.pkl
511,00:06:53,413.05240201950073,1767597449.618651,4.648387432098389,-0.8734927177429199,0.4399999976158142,0.0,0.0,0.6952071785926819,0.7188094258308411,frame_1767597449.618651.pkl
512,00:06:54,414.0250458717346,1767597450.5912948,4.664450645446777,-0.6686296463012695,0.4399999976158142,0.0,0.0,0.6619011163711548,0.7495911717414856,frame_1767597450.5912948.pkl
513,00:06:54,414.96344232559204,1767597451.5296912,4.69513463973999,-0.502011775970459,0.4399999976158142,0.0,0.0,0.6086308360099792,0.7934535145759583,frame_1767597451.5296912.pkl
514,00:06:55,415.7660789489746,1767597452.3323278,4.69513463973999,-0.502011775970459,0.4399999976158142,0.0,0.0,0.5235819220542908,0.8519753217697144,frame_1767597452.3323278.pkl
515,00:06:56,416.5940065383911,1767597453.1602554,4.7085089683532715,-0.48436641693115234,0.4399999976158142,0.0,0.0,0.44210249185562134,0.8969645500183105,frame_1767597453.1602554.pkl
516,00:06:57,417.55517387390137,1767597454.1214228,4.852141380310059,-0.3175382614135742,0.4399999976158142,0.0,0.0,0.3957098424434662,0.9183756113052368,frame_1767597454.1214228.pkl
517,00:06:58,418.3315951824188,1767597454.897844,4.96746826171875,-0.1976318359375,0.4399999976158142,0.0,0.0,0.38850700855255127,0.9214457869529724,frame_1767597454.897844.pkl
518,00:06:59,419.159716129303,1767597455.725965,5.03857421875,-0.12290477752685547,0.4399999976158142,0.0,0.0,0.39317405223846436,0.9194640517234802,frame_1767597455.725965.pkl
519,00:06:59,419.9446837902069,1767597456.5109327,5.03857421875,-0.12290477752685547,0.4399999976158142,0.0,0.0,0.3427513539791107,0.9394261837005615,frame_1767597456.5109327.pkl
520,00:07:00,420.6793806552887,1767597457.2456295,5.047418594360352,-0.1172027587890625,0.4399999976158142,0.0,0.0,0.2805454134941101,0.9598407745361328,frame_1767597457.2456295.pkl
521,00:07:01,421.5778594017029,1767597458.1441083,5.199853897094727,-0.03136444091796875,0.4399999976158142,0.0,0.0,0.22845381498336792,0.9735547304153442,frame_1767597458.1441083.pkl
522,00:07:02,422.4282946586609,1767597458.9945436,5.345807075500488,0.037039756774902344,0.4399999976158142,0.0,0.0,0.20738838613033295,0.9782586693763733,frame_1767597458.9945436.pkl
523,00:07:03,423.2250804901123,1767597459.7913294,5.5501627922058105,0.12411880493164062,0.4399999976158142,0.0,0.0,0.19294142723083496,0.9812102913856506,frame_1767597459.7913294.pkl
524,00:07:03,423.93569779396057,1767597460.5019467,5.672878742218018,0.17332744598388672,0.4399999976158142,0.0,0.0,0.18587163090705872,0.9825740456581116,frame_1767597460.5019467.pkl
525,00:07:04,424.81137132644653,1767597461.3776202,5.7917399406433105,0.21877288818359375,0.4399999976158142,0.0,0.0,0.1781095713376999,0.984010636806488,frame_1767597461.3776202.pkl
526,00:07:05,425.5654602050781,1767597462.131709,5.950042247772217,0.27712345123291016,0.4399999976158142,0.0,0.0,0.17324867844581604,0.9848781228065491,frame_1767597462.131709.pkl
527,00:07:06,426.34852719306946,1767597462.914776,6.106147766113281,0.3331937789916992,0.4399999976158142,0.0,0.0,0.17044523358345032,0.9853671789169312,frame_1767597462.914776.pkl
528,00:07:07,427.0550208091736,1767597463.6212697,6.271017551422119,0.3919401168823242,0.4399999976158142,0.0,0.0,0.17026199400424957,0.9853988289833069,frame_1767597463.6212697.pkl
529,00:07:07,427.8040852546692,1767597464.3703341,6.4263482093811035,0.4474353790283203,0.4399999976158142,0.0,0.0,0.1713605523109436,0.9852083921432495,frame_1767597464.3703341.pkl
530,00:07:08,428.5683081150055,1767597465.134557,6.52399206161499,0.4826183319091797,0.4399999976158142,0.0,0.0,0.1727229356765747,0.9849704504013062,frame_1767597465.134557.pkl
531,00:07:09,429.25969076156616,1767597465.8259397,6.67807149887085,0.5386667251586914,0.4399999976158142,0.0,0.0,0.17443270981311798,0.9846690893173218,frame_1767597465.8259397.pkl
532,00:07:10,430.2209393978119,1767597466.7871883,6.842756271362305,0.5992717742919922,0.4399999976158142,0.0,0.0,0.17644184827804565,0.984311044216156,frame_1767597466.7871883.pkl
533,00:07:10,430.9324584007263,1767597467.4987073,6.936985015869141,0.6342639923095703,0.4399999976158142,0.0,0.0,0.17235353589057922,0.9850351214408875,frame_1767597467.4987073.pkl
534,00:07:11,431.7893795967102,1767597468.3556285,7.078835487365723,0.6774568557739258,0.4399999976158142,0.0,0.0,0.11613519489765167,0.9932334423065186,frame_1767597468.3556285.pkl
535,00:07:12,432.5554976463318,1767597469.1217465,7.078835487365723,0.6774568557739258,0.4399999976158142,0.0,0.0,0.04854753240942955,0.9988208413124084,frame_1767597469.1217465.pkl
536,00:07:13,433.4406740665436,1767597470.006923,7.115808010101318,0.6765193939208984,0.4399999976158142,0.0,0.0,-0.015924524515867233,0.9998732209205627,frame_1767597470.006923.pkl
537,00:07:14,434.2281141281128,1767597470.794363,7.288272857666016,0.6661777496337891,0.4399999976158142,0.0,0.0,-0.04190176725387573,0.9991217851638794,frame_1767597470.794363.pkl
538,00:07:15,435.21855664253235,1767597471.7848055,7.501782417297363,0.6473245620727539,0.4399999976158142,0.0,0.0,-0.044417448341846466,0.9990130662918091,frame_1767597471.7848055.pkl
539,00:07:16,436.02093172073364,1767597472.5871806,7.619715213775635,0.6378602981567383,0.4399999976158142,0.0,0.0,-0.03436021879315376,0.9994094967842102,frame_1767597472.5871806.pkl
540,00:07:16,436.8458185195923,1767597473.4120674,7.783248424530029,0.6299610137939453,0.4399999976158142,0.0,0.0,-0.012981350533664227,0.9999157190322876,frame_1767597473.4120674.pkl
541,00:07:17,437.62179493904114,1767597474.1880438,7.907550811767578,0.6292343139648438,0.4399999976158142,0.0,0.0,0.0008241015020757914,0.9999996423721313,frame_1767597474.1880438.pkl
542,00:07:18,438.568341255188,1767597475.1345901,8.169231414794922,0.6191940307617188,0.4399999976158142,0.0,0.0,-0.042635396122932434,0.9990907311439514,frame_1767597475.1345901.pkl
543,00:07:19,439.40622568130493,1767597475.9724746,8.355459213256836,0.5937948226928711,0.4399999976158142,0.0,0.0,-0.09212885051965714,0.9957470893859863,frame_1767597475.9724746.pkl
544,00:07:20,440.2609944343567,1767597476.8272433,8.585624694824219,0.5378618240356445,0.4399999976158142,0.0,0.0,-0.14688973128795624,0.9891528487205505,frame_1767597476.8272433.pkl
545,00:07:21,441.0835464000702,1767597477.6497953,8.748332977294922,0.48009586334228516,0.4399999976158142,0.0,0.0,-0.1955697387456894,0.9806898236274719,frame_1767597477.6497953.pkl
